ISO-10303-21;
HEADER;
/* Generated by software containing ST-Developer
 * from STEP Tools, Inc. (www.steptools.com) 
 */
/* OPTION: using custom renumber hook */

FILE_DESCRIPTION(
/* description */ ('STEP AP242 Edition 2',
'CAx-IF Rec.Pracs.---Representation and Presentation of Product Manufa
cturing Information (PMI)---4.0---2014-10-13',
'CAx-IF Rec.Pracs.---3D Tessellated Geometry---0.4---2014-09-14','2;1',
'CAx-IF Rec.Pracs.---User Defined Attributes---1.5---2016-08-15'),
/* implementation_level */ '2;1');

FILE_NAME(
/* name */ 'Part Studio 1',
/* time_stamp */ '2026-06-25T20:30:29Z',
/* author */ (''),
/* organization */ (''),
/* preprocessor_version */ 'ST-DEVELOPER v20',
/* originating_system */ 'ONSHAPE BY PTC INC, 1.216',
/* authorisation */ '  ');

FILE_SCHEMA (('AP242_MANAGED_MODEL_BASED_3D_ENGINEERING_MIM_LF { 1 0 10303 442 3 1 4 }'));
ENDSEC;

DATA;
#10=SHAPE_REPRESENTATION_RELATIONSHIP('','',#1787,#11);
#11=ADVANCED_BREP_SHAPE_REPRESENTATION('',(#1785),#2799);
#12=CYLINDRICAL_SURFACE('',#1812,0.0017);
#13=CYLINDRICAL_SURFACE('',#1813,0.0017);
#14=CYLINDRICAL_SURFACE('',#1814,0.0017);
#15=CYLINDRICAL_SURFACE('',#1815,0.0017);
#16=CYLINDRICAL_SURFACE('',#1877,0.0015);
#17=CYLINDRICAL_SURFACE('',#1886,0.00844974746830584);
#18=CYLINDRICAL_SURFACE('',#1887,0.00844974746830584);
#19=CYLINDRICAL_SURFACE('',#1888,0.00844974746830584);
#20=CYLINDRICAL_SURFACE('',#1889,0.00844974746830584);
#21=CIRCLE('',#1790,0.0017);
#22=CIRCLE('',#1791,0.0017);
#23=CIRCLE('',#1792,0.0017);
#24=CIRCLE('',#1793,0.0017);
#25=CIRCLE('',#1794,0.0015);
#26=CIRCLE('',#1795,0.00844974746830584);
#27=CIRCLE('',#1796,0.00844974746830584);
#28=CIRCLE('',#1797,0.00844974746830584);
#29=CIRCLE('',#1798,0.00844974746830584);
#30=CIRCLE('',#1800,0.0015);
#31=CIRCLE('',#1801,0.0017);
#32=CIRCLE('',#1802,0.0017);
#33=CIRCLE('',#1803,0.0017);
#34=CIRCLE('',#1804,0.0017);
#35=CIRCLE('',#1805,0.00844974746830584);
#36=CIRCLE('',#1806,0.00844974746830584);
#37=CIRCLE('',#1807,0.00844974746830584);
#38=CIRCLE('',#1808,0.00844974746830584);
#39=ORIENTED_EDGE('',*,*,#515,.F.);
#40=ORIENTED_EDGE('',*,*,#516,.T.);
#41=ORIENTED_EDGE('',*,*,#517,.T.);
#42=ORIENTED_EDGE('',*,*,#518,.F.);
#43=ORIENTED_EDGE('',*,*,#519,.F.);
#44=ORIENTED_EDGE('',*,*,#520,.T.);
#45=ORIENTED_EDGE('',*,*,#521,.T.);
#46=ORIENTED_EDGE('',*,*,#522,.F.);
#47=ORIENTED_EDGE('',*,*,#523,.F.);
#48=ORIENTED_EDGE('',*,*,#524,.T.);
#49=ORIENTED_EDGE('',*,*,#525,.T.);
#50=ORIENTED_EDGE('',*,*,#526,.F.);
#51=ORIENTED_EDGE('',*,*,#527,.F.);
#52=ORIENTED_EDGE('',*,*,#528,.T.);
#53=ORIENTED_EDGE('',*,*,#529,.T.);
#54=ORIENTED_EDGE('',*,*,#530,.F.);
#55=ORIENTED_EDGE('',*,*,#531,.F.);
#56=ORIENTED_EDGE('',*,*,#532,.T.);
#57=ORIENTED_EDGE('',*,*,#533,.T.);
#58=ORIENTED_EDGE('',*,*,#534,.F.);
#59=ORIENTED_EDGE('',*,*,#535,.F.);
#60=ORIENTED_EDGE('',*,*,#536,.T.);
#61=ORIENTED_EDGE('',*,*,#537,.T.);
#62=ORIENTED_EDGE('',*,*,#538,.F.);
#63=ORIENTED_EDGE('',*,*,#539,.F.);
#64=ORIENTED_EDGE('',*,*,#540,.T.);
#65=ORIENTED_EDGE('',*,*,#541,.T.);
#66=ORIENTED_EDGE('',*,*,#542,.F.);
#67=ORIENTED_EDGE('',*,*,#543,.F.);
#68=ORIENTED_EDGE('',*,*,#544,.T.);
#69=ORIENTED_EDGE('',*,*,#545,.T.);
#70=ORIENTED_EDGE('',*,*,#546,.F.);
#71=ORIENTED_EDGE('',*,*,#547,.F.);
#72=ORIENTED_EDGE('',*,*,#548,.T.);
#73=ORIENTED_EDGE('',*,*,#549,.T.);
#74=ORIENTED_EDGE('',*,*,#550,.F.);
#75=ORIENTED_EDGE('',*,*,#551,.F.);
#76=ORIENTED_EDGE('',*,*,#552,.T.);
#77=ORIENTED_EDGE('',*,*,#553,.T.);
#78=ORIENTED_EDGE('',*,*,#554,.F.);
#79=ORIENTED_EDGE('',*,*,#555,.F.);
#80=ORIENTED_EDGE('',*,*,#556,.T.);
#81=ORIENTED_EDGE('',*,*,#557,.T.);
#82=ORIENTED_EDGE('',*,*,#558,.F.);
#83=ORIENTED_EDGE('',*,*,#559,.F.);
#84=ORIENTED_EDGE('',*,*,#560,.T.);
#85=ORIENTED_EDGE('',*,*,#561,.T.);
#86=ORIENTED_EDGE('',*,*,#562,.F.);
#87=ORIENTED_EDGE('',*,*,#563,.F.);
#88=ORIENTED_EDGE('',*,*,#564,.T.);
#89=ORIENTED_EDGE('',*,*,#565,.T.);
#90=ORIENTED_EDGE('',*,*,#566,.F.);
#91=ORIENTED_EDGE('',*,*,#567,.F.);
#92=ORIENTED_EDGE('',*,*,#568,.T.);
#93=ORIENTED_EDGE('',*,*,#569,.T.);
#94=ORIENTED_EDGE('',*,*,#570,.F.);
#95=ORIENTED_EDGE('',*,*,#571,.F.);
#96=ORIENTED_EDGE('',*,*,#572,.T.);
#97=ORIENTED_EDGE('',*,*,#573,.T.);
#98=ORIENTED_EDGE('',*,*,#574,.F.);
#99=ORIENTED_EDGE('',*,*,#575,.F.);
#100=ORIENTED_EDGE('',*,*,#576,.T.);
#101=ORIENTED_EDGE('',*,*,#577,.T.);
#102=ORIENTED_EDGE('',*,*,#578,.F.);
#103=ORIENTED_EDGE('',*,*,#579,.T.);
#104=ORIENTED_EDGE('',*,*,#580,.T.);
#105=ORIENTED_EDGE('',*,*,#581,.F.);
#106=ORIENTED_EDGE('',*,*,#582,.F.);
#107=ORIENTED_EDGE('',*,*,#583,.F.);
#108=ORIENTED_EDGE('',*,*,#584,.F.);
#109=ORIENTED_EDGE('',*,*,#585,.F.);
#110=ORIENTED_EDGE('',*,*,#586,.F.);
#111=ORIENTED_EDGE('',*,*,#587,.F.);
#112=ORIENTED_EDGE('',*,*,#588,.F.);
#113=ORIENTED_EDGE('',*,*,#589,.T.);
#114=ORIENTED_EDGE('',*,*,#590,.T.);
#115=ORIENTED_EDGE('',*,*,#591,.T.);
#116=ORIENTED_EDGE('',*,*,#592,.T.);
#117=ORIENTED_EDGE('',*,*,#593,.T.);
#118=ORIENTED_EDGE('',*,*,#594,.F.);
#119=ORIENTED_EDGE('',*,*,#595,.T.);
#120=ORIENTED_EDGE('',*,*,#596,.F.);
#121=ORIENTED_EDGE('',*,*,#597,.T.);
#122=ORIENTED_EDGE('',*,*,#598,.T.);
#123=ORIENTED_EDGE('',*,*,#599,.F.);
#124=ORIENTED_EDGE('',*,*,#600,.T.);
#125=ORIENTED_EDGE('',*,*,#601,.F.);
#126=ORIENTED_EDGE('',*,*,#602,.T.);
#127=ORIENTED_EDGE('',*,*,#603,.T.);
#128=ORIENTED_EDGE('',*,*,#604,.F.);
#129=ORIENTED_EDGE('',*,*,#605,.F.);
#130=ORIENTED_EDGE('',*,*,#606,.T.);
#131=ORIENTED_EDGE('',*,*,#607,.T.);
#132=ORIENTED_EDGE('',*,*,#608,.F.);
#133=ORIENTED_EDGE('',*,*,#609,.F.);
#134=ORIENTED_EDGE('',*,*,#610,.T.);
#135=ORIENTED_EDGE('',*,*,#611,.T.);
#136=ORIENTED_EDGE('',*,*,#612,.F.);
#137=ORIENTED_EDGE('',*,*,#613,.F.);
#138=ORIENTED_EDGE('',*,*,#614,.T.);
#139=ORIENTED_EDGE('',*,*,#615,.T.);
#140=ORIENTED_EDGE('',*,*,#616,.F.);
#141=ORIENTED_EDGE('',*,*,#617,.F.);
#142=ORIENTED_EDGE('',*,*,#618,.T.);
#143=ORIENTED_EDGE('',*,*,#619,.T.);
#144=ORIENTED_EDGE('',*,*,#620,.F.);
#145=ORIENTED_EDGE('',*,*,#621,.F.);
#146=ORIENTED_EDGE('',*,*,#622,.T.);
#147=ORIENTED_EDGE('',*,*,#623,.T.);
#148=ORIENTED_EDGE('',*,*,#624,.F.);
#149=ORIENTED_EDGE('',*,*,#625,.F.);
#150=ORIENTED_EDGE('',*,*,#626,.T.);
#151=ORIENTED_EDGE('',*,*,#627,.T.);
#152=ORIENTED_EDGE('',*,*,#628,.F.);
#153=ORIENTED_EDGE('',*,*,#629,.F.);
#154=ORIENTED_EDGE('',*,*,#630,.T.);
#155=ORIENTED_EDGE('',*,*,#631,.T.);
#156=ORIENTED_EDGE('',*,*,#632,.F.);
#157=ORIENTED_EDGE('',*,*,#633,.T.);
#158=ORIENTED_EDGE('',*,*,#634,.T.);
#159=ORIENTED_EDGE('',*,*,#635,.T.);
#160=ORIENTED_EDGE('',*,*,#636,.T.);
#161=ORIENTED_EDGE('',*,*,#637,.F.);
#162=ORIENTED_EDGE('',*,*,#638,.T.);
#163=ORIENTED_EDGE('',*,*,#639,.T.);
#164=ORIENTED_EDGE('',*,*,#640,.F.);
#165=ORIENTED_EDGE('',*,*,#641,.F.);
#166=ORIENTED_EDGE('',*,*,#642,.T.);
#167=ORIENTED_EDGE('',*,*,#643,.T.);
#168=ORIENTED_EDGE('',*,*,#644,.F.);
#169=ORIENTED_EDGE('',*,*,#645,.F.);
#170=ORIENTED_EDGE('',*,*,#646,.T.);
#171=ORIENTED_EDGE('',*,*,#647,.T.);
#172=ORIENTED_EDGE('',*,*,#648,.F.);
#173=ORIENTED_EDGE('',*,*,#649,.F.);
#174=ORIENTED_EDGE('',*,*,#650,.T.);
#175=ORIENTED_EDGE('',*,*,#651,.T.);
#176=ORIENTED_EDGE('',*,*,#652,.F.);
#177=ORIENTED_EDGE('',*,*,#653,.F.);
#178=ORIENTED_EDGE('',*,*,#654,.T.);
#179=ORIENTED_EDGE('',*,*,#655,.T.);
#180=ORIENTED_EDGE('',*,*,#656,.F.);
#181=ORIENTED_EDGE('',*,*,#657,.F.);
#182=ORIENTED_EDGE('',*,*,#658,.T.);
#183=ORIENTED_EDGE('',*,*,#659,.T.);
#184=ORIENTED_EDGE('',*,*,#660,.F.);
#185=ORIENTED_EDGE('',*,*,#661,.F.);
#186=ORIENTED_EDGE('',*,*,#662,.T.);
#187=ORIENTED_EDGE('',*,*,#663,.T.);
#188=ORIENTED_EDGE('',*,*,#664,.F.);
#189=ORIENTED_EDGE('',*,*,#665,.F.);
#190=ORIENTED_EDGE('',*,*,#666,.T.);
#191=ORIENTED_EDGE('',*,*,#667,.T.);
#192=ORIENTED_EDGE('',*,*,#668,.F.);
#193=ORIENTED_EDGE('',*,*,#669,.F.);
#194=ORIENTED_EDGE('',*,*,#670,.T.);
#195=ORIENTED_EDGE('',*,*,#671,.T.);
#196=ORIENTED_EDGE('',*,*,#672,.T.);
#197=ORIENTED_EDGE('',*,*,#673,.T.);
#198=ORIENTED_EDGE('',*,*,#674,.T.);
#199=ORIENTED_EDGE('',*,*,#675,.F.);
#200=ORIENTED_EDGE('',*,*,#676,.T.);
#201=ORIENTED_EDGE('',*,*,#629,.T.);
#202=ORIENTED_EDGE('',*,*,#677,.F.);
#203=ORIENTED_EDGE('',*,*,#579,.F.);
#204=ORIENTED_EDGE('',*,*,#678,.T.);
#205=ORIENTED_EDGE('',*,*,#632,.T.);
#206=ORIENTED_EDGE('',*,*,#679,.F.);
#207=ORIENTED_EDGE('',*,*,#580,.F.);
#208=ORIENTED_EDGE('',*,*,#677,.T.);
#209=ORIENTED_EDGE('',*,*,#631,.F.);
#210=ORIENTED_EDGE('',*,*,#680,.F.);
#211=ORIENTED_EDGE('',*,*,#581,.T.);
#212=ORIENTED_EDGE('',*,*,#679,.T.);
#213=ORIENTED_EDGE('',*,*,#583,.T.);
#214=ORIENTED_EDGE('',*,*,#633,.F.);
#215=ORIENTED_EDGE('',*,*,#584,.T.);
#216=ORIENTED_EDGE('',*,*,#634,.F.);
#217=ORIENTED_EDGE('',*,*,#585,.T.);
#218=ORIENTED_EDGE('',*,*,#635,.F.);
#219=ORIENTED_EDGE('',*,*,#586,.T.);
#220=ORIENTED_EDGE('',*,*,#636,.F.);
#221=ORIENTED_EDGE('',*,*,#630,.F.);
#222=ORIENTED_EDGE('',*,*,#678,.F.);
#223=ORIENTED_EDGE('',*,*,#582,.T.);
#224=ORIENTED_EDGE('',*,*,#680,.T.);
#225=ORIENTED_EDGE('',*,*,#637,.T.);
#226=ORIENTED_EDGE('',*,*,#681,.T.);
#227=ORIENTED_EDGE('',*,*,#576,.F.);
#228=ORIENTED_EDGE('',*,*,#682,.F.);
#229=ORIENTED_EDGE('',*,*,#682,.T.);
#230=ORIENTED_EDGE('',*,*,#575,.T.);
#231=ORIENTED_EDGE('',*,*,#683,.F.);
#232=ORIENTED_EDGE('',*,*,#638,.F.);
#233=ORIENTED_EDGE('',*,*,#683,.T.);
#234=ORIENTED_EDGE('',*,*,#578,.T.);
#235=ORIENTED_EDGE('',*,*,#684,.F.);
#236=ORIENTED_EDGE('',*,*,#639,.F.);
#237=ORIENTED_EDGE('',*,*,#640,.T.);
#238=ORIENTED_EDGE('',*,*,#684,.T.);
#239=ORIENTED_EDGE('',*,*,#577,.F.);
#240=ORIENTED_EDGE('',*,*,#681,.F.);
#241=ORIENTED_EDGE('',*,*,#625,.T.);
#242=ORIENTED_EDGE('',*,*,#685,.T.);
#243=ORIENTED_EDGE('',*,*,#572,.F.);
#244=ORIENTED_EDGE('',*,*,#686,.F.);
#245=ORIENTED_EDGE('',*,*,#686,.T.);
#246=ORIENTED_EDGE('',*,*,#571,.T.);
#247=ORIENTED_EDGE('',*,*,#687,.F.);
#248=ORIENTED_EDGE('',*,*,#626,.F.);
#249=ORIENTED_EDGE('',*,*,#687,.T.);
#250=ORIENTED_EDGE('',*,*,#574,.T.);
#251=ORIENTED_EDGE('',*,*,#688,.F.);
#252=ORIENTED_EDGE('',*,*,#627,.F.);
#253=ORIENTED_EDGE('',*,*,#628,.T.);
#254=ORIENTED_EDGE('',*,*,#688,.T.);
#255=ORIENTED_EDGE('',*,*,#573,.F.);
#256=ORIENTED_EDGE('',*,*,#685,.F.);
#257=ORIENTED_EDGE('',*,*,#641,.T.);
#258=ORIENTED_EDGE('',*,*,#689,.T.);
#259=ORIENTED_EDGE('',*,*,#568,.F.);
#260=ORIENTED_EDGE('',*,*,#690,.F.);
#261=ORIENTED_EDGE('',*,*,#690,.T.);
#262=ORIENTED_EDGE('',*,*,#567,.T.);
#263=ORIENTED_EDGE('',*,*,#691,.F.);
#264=ORIENTED_EDGE('',*,*,#642,.F.);
#265=ORIENTED_EDGE('',*,*,#691,.T.);
#266=ORIENTED_EDGE('',*,*,#570,.T.);
#267=ORIENTED_EDGE('',*,*,#692,.F.);
#268=ORIENTED_EDGE('',*,*,#643,.F.);
#269=ORIENTED_EDGE('',*,*,#644,.T.);
#270=ORIENTED_EDGE('',*,*,#692,.T.);
#271=ORIENTED_EDGE('',*,*,#569,.F.);
#272=ORIENTED_EDGE('',*,*,#689,.F.);
#273=ORIENTED_EDGE('',*,*,#621,.T.);
#274=ORIENTED_EDGE('',*,*,#693,.T.);
#275=ORIENTED_EDGE('',*,*,#564,.F.);
#276=ORIENTED_EDGE('',*,*,#694,.F.);
#277=ORIENTED_EDGE('',*,*,#694,.T.);
#278=ORIENTED_EDGE('',*,*,#563,.T.);
#279=ORIENTED_EDGE('',*,*,#695,.F.);
#280=ORIENTED_EDGE('',*,*,#622,.F.);
#281=ORIENTED_EDGE('',*,*,#695,.T.);
#282=ORIENTED_EDGE('',*,*,#566,.T.);
#283=ORIENTED_EDGE('',*,*,#696,.F.);
#284=ORIENTED_EDGE('',*,*,#623,.F.);
#285=ORIENTED_EDGE('',*,*,#624,.T.);
#286=ORIENTED_EDGE('',*,*,#696,.T.);
#287=ORIENTED_EDGE('',*,*,#565,.F.);
#288=ORIENTED_EDGE('',*,*,#693,.F.);
#289=ORIENTED_EDGE('',*,*,#645,.T.);
#290=ORIENTED_EDGE('',*,*,#697,.T.);
#291=ORIENTED_EDGE('',*,*,#560,.F.);
#292=ORIENTED_EDGE('',*,*,#698,.F.);
#293=ORIENTED_EDGE('',*,*,#698,.T.);
#294=ORIENTED_EDGE('',*,*,#559,.T.);
#295=ORIENTED_EDGE('',*,*,#699,.F.);
#296=ORIENTED_EDGE('',*,*,#646,.F.);
#297=ORIENTED_EDGE('',*,*,#699,.T.);
#298=ORIENTED_EDGE('',*,*,#562,.T.);
#299=ORIENTED_EDGE('',*,*,#700,.F.);
#300=ORIENTED_EDGE('',*,*,#647,.F.);
#301=ORIENTED_EDGE('',*,*,#648,.T.);
#302=ORIENTED_EDGE('',*,*,#700,.T.);
#303=ORIENTED_EDGE('',*,*,#561,.F.);
#304=ORIENTED_EDGE('',*,*,#697,.F.);
#305=ORIENTED_EDGE('',*,*,#617,.T.);
#306=ORIENTED_EDGE('',*,*,#701,.T.);
#307=ORIENTED_EDGE('',*,*,#556,.F.);
#308=ORIENTED_EDGE('',*,*,#702,.F.);
#309=ORIENTED_EDGE('',*,*,#702,.T.);
#310=ORIENTED_EDGE('',*,*,#555,.T.);
#311=ORIENTED_EDGE('',*,*,#703,.F.);
#312=ORIENTED_EDGE('',*,*,#618,.F.);
#313=ORIENTED_EDGE('',*,*,#703,.T.);
#314=ORIENTED_EDGE('',*,*,#558,.T.);
#315=ORIENTED_EDGE('',*,*,#704,.F.);
#316=ORIENTED_EDGE('',*,*,#619,.F.);
#317=ORIENTED_EDGE('',*,*,#620,.T.);
#318=ORIENTED_EDGE('',*,*,#704,.T.);
#319=ORIENTED_EDGE('',*,*,#557,.F.);
#320=ORIENTED_EDGE('',*,*,#701,.F.);
#321=ORIENTED_EDGE('',*,*,#649,.T.);
#322=ORIENTED_EDGE('',*,*,#705,.T.);
#323=ORIENTED_EDGE('',*,*,#552,.F.);
#324=ORIENTED_EDGE('',*,*,#706,.F.);
#325=ORIENTED_EDGE('',*,*,#706,.T.);
#326=ORIENTED_EDGE('',*,*,#551,.T.);
#327=ORIENTED_EDGE('',*,*,#707,.F.);
#328=ORIENTED_EDGE('',*,*,#650,.F.);
#329=ORIENTED_EDGE('',*,*,#707,.T.);
#330=ORIENTED_EDGE('',*,*,#554,.T.);
#331=ORIENTED_EDGE('',*,*,#708,.F.);
#332=ORIENTED_EDGE('',*,*,#651,.F.);
#333=ORIENTED_EDGE('',*,*,#652,.T.);
#334=ORIENTED_EDGE('',*,*,#708,.T.);
#335=ORIENTED_EDGE('',*,*,#553,.F.);
#336=ORIENTED_EDGE('',*,*,#705,.F.);
#337=ORIENTED_EDGE('',*,*,#613,.T.);
#338=ORIENTED_EDGE('',*,*,#709,.T.);
#339=ORIENTED_EDGE('',*,*,#548,.F.);
#340=ORIENTED_EDGE('',*,*,#710,.F.);
#341=ORIENTED_EDGE('',*,*,#710,.T.);
#342=ORIENTED_EDGE('',*,*,#547,.T.);
#343=ORIENTED_EDGE('',*,*,#711,.F.);
#344=ORIENTED_EDGE('',*,*,#614,.F.);
#345=ORIENTED_EDGE('',*,*,#711,.T.);
#346=ORIENTED_EDGE('',*,*,#550,.T.);
#347=ORIENTED_EDGE('',*,*,#712,.F.);
#348=ORIENTED_EDGE('',*,*,#615,.F.);
#349=ORIENTED_EDGE('',*,*,#616,.T.);
#350=ORIENTED_EDGE('',*,*,#712,.T.);
#351=ORIENTED_EDGE('',*,*,#549,.F.);
#352=ORIENTED_EDGE('',*,*,#709,.F.);
#353=ORIENTED_EDGE('',*,*,#653,.T.);
#354=ORIENTED_EDGE('',*,*,#713,.T.);
#355=ORIENTED_EDGE('',*,*,#544,.F.);
#356=ORIENTED_EDGE('',*,*,#714,.F.);
#357=ORIENTED_EDGE('',*,*,#714,.T.);
#358=ORIENTED_EDGE('',*,*,#543,.T.);
#359=ORIENTED_EDGE('',*,*,#715,.F.);
#360=ORIENTED_EDGE('',*,*,#654,.F.);
#361=ORIENTED_EDGE('',*,*,#715,.T.);
#362=ORIENTED_EDGE('',*,*,#546,.T.);
#363=ORIENTED_EDGE('',*,*,#716,.F.);
#364=ORIENTED_EDGE('',*,*,#655,.F.);
#365=ORIENTED_EDGE('',*,*,#656,.T.);
#366=ORIENTED_EDGE('',*,*,#716,.T.);
#367=ORIENTED_EDGE('',*,*,#545,.F.);
#368=ORIENTED_EDGE('',*,*,#713,.F.);
#369=ORIENTED_EDGE('',*,*,#609,.T.);
#370=ORIENTED_EDGE('',*,*,#717,.T.);
#371=ORIENTED_EDGE('',*,*,#540,.F.);
#372=ORIENTED_EDGE('',*,*,#718,.F.);
#373=ORIENTED_EDGE('',*,*,#718,.T.);
#374=ORIENTED_EDGE('',*,*,#539,.T.);
#375=ORIENTED_EDGE('',*,*,#719,.F.);
#376=ORIENTED_EDGE('',*,*,#610,.F.);
#377=ORIENTED_EDGE('',*,*,#719,.T.);
#378=ORIENTED_EDGE('',*,*,#542,.T.);
#379=ORIENTED_EDGE('',*,*,#720,.F.);
#380=ORIENTED_EDGE('',*,*,#611,.F.);
#381=ORIENTED_EDGE('',*,*,#612,.T.);
#382=ORIENTED_EDGE('',*,*,#720,.T.);
#383=ORIENTED_EDGE('',*,*,#541,.F.);
#384=ORIENTED_EDGE('',*,*,#717,.F.);
#385=ORIENTED_EDGE('',*,*,#657,.T.);
#386=ORIENTED_EDGE('',*,*,#721,.T.);
#387=ORIENTED_EDGE('',*,*,#536,.F.);
#388=ORIENTED_EDGE('',*,*,#722,.F.);
#389=ORIENTED_EDGE('',*,*,#722,.T.);
#390=ORIENTED_EDGE('',*,*,#535,.T.);
#391=ORIENTED_EDGE('',*,*,#723,.F.);
#392=ORIENTED_EDGE('',*,*,#658,.F.);
#393=ORIENTED_EDGE('',*,*,#723,.T.);
#394=ORIENTED_EDGE('',*,*,#538,.T.);
#395=ORIENTED_EDGE('',*,*,#724,.F.);
#396=ORIENTED_EDGE('',*,*,#659,.F.);
#397=ORIENTED_EDGE('',*,*,#660,.T.);
#398=ORIENTED_EDGE('',*,*,#724,.T.);
#399=ORIENTED_EDGE('',*,*,#537,.F.);
#400=ORIENTED_EDGE('',*,*,#721,.F.);
#401=ORIENTED_EDGE('',*,*,#605,.T.);
#402=ORIENTED_EDGE('',*,*,#725,.T.);
#403=ORIENTED_EDGE('',*,*,#532,.F.);
#404=ORIENTED_EDGE('',*,*,#726,.F.);
#405=ORIENTED_EDGE('',*,*,#726,.T.);
#406=ORIENTED_EDGE('',*,*,#531,.T.);
#407=ORIENTED_EDGE('',*,*,#727,.F.);
#408=ORIENTED_EDGE('',*,*,#606,.F.);
#409=ORIENTED_EDGE('',*,*,#727,.T.);
#410=ORIENTED_EDGE('',*,*,#534,.T.);
#411=ORIENTED_EDGE('',*,*,#728,.F.);
#412=ORIENTED_EDGE('',*,*,#607,.F.);
#413=ORIENTED_EDGE('',*,*,#608,.T.);
#414=ORIENTED_EDGE('',*,*,#728,.T.);
#415=ORIENTED_EDGE('',*,*,#533,.F.);
#416=ORIENTED_EDGE('',*,*,#725,.F.);
#417=ORIENTED_EDGE('',*,*,#661,.T.);
#418=ORIENTED_EDGE('',*,*,#729,.T.);
#419=ORIENTED_EDGE('',*,*,#528,.F.);
#420=ORIENTED_EDGE('',*,*,#730,.F.);
#421=ORIENTED_EDGE('',*,*,#730,.T.);
#422=ORIENTED_EDGE('',*,*,#527,.T.);
#423=ORIENTED_EDGE('',*,*,#731,.F.);
#424=ORIENTED_EDGE('',*,*,#662,.F.);
#425=ORIENTED_EDGE('',*,*,#731,.T.);
#426=ORIENTED_EDGE('',*,*,#530,.T.);
#427=ORIENTED_EDGE('',*,*,#732,.F.);
#428=ORIENTED_EDGE('',*,*,#663,.F.);
#429=ORIENTED_EDGE('',*,*,#664,.T.);
#430=ORIENTED_EDGE('',*,*,#732,.T.);
#431=ORIENTED_EDGE('',*,*,#529,.F.);
#432=ORIENTED_EDGE('',*,*,#729,.F.);
#433=ORIENTED_EDGE('',*,*,#601,.T.);
#434=ORIENTED_EDGE('',*,*,#733,.T.);
#435=ORIENTED_EDGE('',*,*,#524,.F.);
#436=ORIENTED_EDGE('',*,*,#734,.F.);
#437=ORIENTED_EDGE('',*,*,#734,.T.);
#438=ORIENTED_EDGE('',*,*,#523,.T.);
#439=ORIENTED_EDGE('',*,*,#735,.F.);
#440=ORIENTED_EDGE('',*,*,#602,.F.);
#441=ORIENTED_EDGE('',*,*,#735,.T.);
#442=ORIENTED_EDGE('',*,*,#526,.T.);
#443=ORIENTED_EDGE('',*,*,#736,.F.);
#444=ORIENTED_EDGE('',*,*,#603,.F.);
#445=ORIENTED_EDGE('',*,*,#604,.T.);
#446=ORIENTED_EDGE('',*,*,#736,.T.);
#447=ORIENTED_EDGE('',*,*,#525,.F.);
#448=ORIENTED_EDGE('',*,*,#733,.F.);
#449=ORIENTED_EDGE('',*,*,#665,.T.);
#450=ORIENTED_EDGE('',*,*,#737,.T.);
#451=ORIENTED_EDGE('',*,*,#520,.F.);
#452=ORIENTED_EDGE('',*,*,#738,.F.);
#453=ORIENTED_EDGE('',*,*,#738,.T.);
#454=ORIENTED_EDGE('',*,*,#519,.T.);
#455=ORIENTED_EDGE('',*,*,#739,.F.);
#456=ORIENTED_EDGE('',*,*,#666,.F.);
#457=ORIENTED_EDGE('',*,*,#739,.T.);
#458=ORIENTED_EDGE('',*,*,#522,.T.);
#459=ORIENTED_EDGE('',*,*,#740,.F.);
#460=ORIENTED_EDGE('',*,*,#667,.F.);
#461=ORIENTED_EDGE('',*,*,#668,.T.);
#462=ORIENTED_EDGE('',*,*,#740,.T.);
#463=ORIENTED_EDGE('',*,*,#521,.F.);
#464=ORIENTED_EDGE('',*,*,#737,.F.);
#465=ORIENTED_EDGE('',*,*,#587,.T.);
#466=ORIENTED_EDGE('',*,*,#600,.F.);
#467=ORIENTED_EDGE('',*,*,#596,.T.);
#468=ORIENTED_EDGE('',*,*,#741,.T.);
#469=ORIENTED_EDGE('',*,*,#516,.F.);
#470=ORIENTED_EDGE('',*,*,#742,.F.);
#471=ORIENTED_EDGE('',*,*,#742,.T.);
#472=ORIENTED_EDGE('',*,*,#515,.T.);
#473=ORIENTED_EDGE('',*,*,#743,.F.);
#474=ORIENTED_EDGE('',*,*,#597,.F.);
#475=ORIENTED_EDGE('',*,*,#743,.T.);
#476=ORIENTED_EDGE('',*,*,#518,.T.);
#477=ORIENTED_EDGE('',*,*,#744,.F.);
#478=ORIENTED_EDGE('',*,*,#598,.F.);
#479=ORIENTED_EDGE('',*,*,#599,.T.);
#480=ORIENTED_EDGE('',*,*,#744,.T.);
#481=ORIENTED_EDGE('',*,*,#517,.F.);
#482=ORIENTED_EDGE('',*,*,#741,.F.);
#483=ORIENTED_EDGE('',*,*,#669,.T.);
#484=ORIENTED_EDGE('',*,*,#745,.T.);
#485=ORIENTED_EDGE('',*,*,#590,.F.);
#486=ORIENTED_EDGE('',*,*,#746,.T.);
#487=ORIENTED_EDGE('',*,*,#671,.F.);
#488=ORIENTED_EDGE('',*,*,#747,.T.);
#489=ORIENTED_EDGE('',*,*,#588,.T.);
#490=ORIENTED_EDGE('',*,*,#748,.T.);
#491=ORIENTED_EDGE('',*,*,#594,.T.);
#492=ORIENTED_EDGE('',*,*,#749,.T.);
#493=ORIENTED_EDGE('',*,*,#673,.F.);
#494=ORIENTED_EDGE('',*,*,#750,.T.);
#495=ORIENTED_EDGE('',*,*,#675,.T.);
#496=ORIENTED_EDGE('',*,*,#751,.T.);
#497=ORIENTED_EDGE('',*,*,#592,.F.);
#498=ORIENTED_EDGE('',*,*,#752,.T.);
#499=ORIENTED_EDGE('',*,*,#674,.F.);
#500=ORIENTED_EDGE('',*,*,#749,.F.);
#501=ORIENTED_EDGE('',*,*,#593,.F.);
#502=ORIENTED_EDGE('',*,*,#751,.F.);
#503=ORIENTED_EDGE('',*,*,#676,.F.);
#504=ORIENTED_EDGE('',*,*,#752,.F.);
#505=ORIENTED_EDGE('',*,*,#591,.F.);
#506=ORIENTED_EDGE('',*,*,#745,.F.);
#507=ORIENTED_EDGE('',*,*,#670,.F.);
#508=ORIENTED_EDGE('',*,*,#746,.F.);
#509=ORIENTED_EDGE('',*,*,#589,.F.);
#510=ORIENTED_EDGE('',*,*,#747,.F.);
#511=ORIENTED_EDGE('',*,*,#672,.F.);
#512=ORIENTED_EDGE('',*,*,#748,.F.);
#513=ORIENTED_EDGE('',*,*,#595,.F.);
#514=ORIENTED_EDGE('',*,*,#750,.F.);
#515=EDGE_CURVE('',#753,#754,#915,.T.);
#516=EDGE_CURVE('',#753,#755,#916,.T.);
#517=EDGE_CURVE('',#755,#756,#917,.T.);
#518=EDGE_CURVE('',#754,#756,#918,.T.);
#519=EDGE_CURVE('',#757,#758,#919,.T.);
#520=EDGE_CURVE('',#757,#759,#920,.T.);
#521=EDGE_CURVE('',#759,#760,#921,.T.);
#522=EDGE_CURVE('',#758,#760,#922,.T.);
#523=EDGE_CURVE('',#761,#762,#923,.T.);
#524=EDGE_CURVE('',#761,#763,#924,.T.);
#525=EDGE_CURVE('',#763,#764,#925,.T.);
#526=EDGE_CURVE('',#762,#764,#926,.T.);
#527=EDGE_CURVE('',#765,#766,#927,.T.);
#528=EDGE_CURVE('',#765,#767,#928,.T.);
#529=EDGE_CURVE('',#767,#768,#929,.T.);
#530=EDGE_CURVE('',#766,#768,#930,.T.);
#531=EDGE_CURVE('',#769,#770,#931,.T.);
#532=EDGE_CURVE('',#769,#771,#932,.T.);
#533=EDGE_CURVE('',#771,#772,#933,.T.);
#534=EDGE_CURVE('',#770,#772,#934,.T.);
#535=EDGE_CURVE('',#773,#774,#935,.T.);
#536=EDGE_CURVE('',#773,#775,#936,.T.);
#537=EDGE_CURVE('',#775,#776,#937,.T.);
#538=EDGE_CURVE('',#774,#776,#938,.T.);
#539=EDGE_CURVE('',#777,#778,#939,.T.);
#540=EDGE_CURVE('',#777,#779,#940,.T.);
#541=EDGE_CURVE('',#779,#780,#941,.T.);
#542=EDGE_CURVE('',#778,#780,#942,.T.);
#543=EDGE_CURVE('',#781,#782,#943,.T.);
#544=EDGE_CURVE('',#781,#783,#944,.T.);
#545=EDGE_CURVE('',#783,#784,#945,.T.);
#546=EDGE_CURVE('',#782,#784,#946,.T.);
#547=EDGE_CURVE('',#785,#786,#947,.T.);
#548=EDGE_CURVE('',#785,#787,#948,.T.);
#549=EDGE_CURVE('',#787,#788,#949,.T.);
#550=EDGE_CURVE('',#786,#788,#950,.T.);
#551=EDGE_CURVE('',#789,#790,#951,.T.);
#552=EDGE_CURVE('',#789,#791,#952,.T.);
#553=EDGE_CURVE('',#791,#792,#953,.T.);
#554=EDGE_CURVE('',#790,#792,#954,.T.);
#555=EDGE_CURVE('',#793,#794,#955,.T.);
#556=EDGE_CURVE('',#793,#795,#956,.T.);
#557=EDGE_CURVE('',#795,#796,#957,.T.);
#558=EDGE_CURVE('',#794,#796,#958,.T.);
#559=EDGE_CURVE('',#797,#798,#959,.T.);
#560=EDGE_CURVE('',#797,#799,#960,.T.);
#561=EDGE_CURVE('',#799,#800,#961,.T.);
#562=EDGE_CURVE('',#798,#800,#962,.T.);
#563=EDGE_CURVE('',#801,#802,#963,.T.);
#564=EDGE_CURVE('',#801,#803,#964,.T.);
#565=EDGE_CURVE('',#803,#804,#965,.T.);
#566=EDGE_CURVE('',#802,#804,#966,.T.);
#567=EDGE_CURVE('',#805,#806,#967,.T.);
#568=EDGE_CURVE('',#805,#807,#968,.T.);
#569=EDGE_CURVE('',#807,#808,#969,.T.);
#570=EDGE_CURVE('',#806,#808,#970,.T.);
#571=EDGE_CURVE('',#809,#810,#971,.T.);
#572=EDGE_CURVE('',#809,#811,#972,.T.);
#573=EDGE_CURVE('',#811,#812,#973,.T.);
#574=EDGE_CURVE('',#810,#812,#974,.T.);
#575=EDGE_CURVE('',#813,#814,#975,.T.);
#576=EDGE_CURVE('',#813,#815,#976,.T.);
#577=EDGE_CURVE('',#815,#816,#977,.T.);
#578=EDGE_CURVE('',#814,#816,#978,.T.);
#579=EDGE_CURVE('',#817,#818,#979,.T.);
#580=EDGE_CURVE('',#818,#819,#980,.T.);
#581=EDGE_CURVE('',#820,#819,#981,.T.);
#582=EDGE_CURVE('',#817,#820,#982,.T.);
#583=EDGE_CURVE('',#821,#821,#21,.T.);
#584=EDGE_CURVE('',#822,#822,#22,.T.);
#585=EDGE_CURVE('',#823,#823,#23,.T.);
#586=EDGE_CURVE('',#824,#824,#24,.T.);
#587=EDGE_CURVE('',#825,#825,#25,.T.);
#588=EDGE_CURVE('',#826,#827,#983,.T.);
#589=EDGE_CURVE('',#826,#828,#26,.F.);
#590=EDGE_CURVE('',#828,#829,#984,.T.);
#591=EDGE_CURVE('',#829,#830,#27,.F.);
#592=EDGE_CURVE('',#830,#831,#985,.T.);
#593=EDGE_CURVE('',#831,#832,#28,.F.);
#594=EDGE_CURVE('',#833,#832,#986,.T.);
#595=EDGE_CURVE('',#833,#827,#29,.F.);
#596=EDGE_CURVE('',#834,#835,#987,.T.);
#597=EDGE_CURVE('',#834,#836,#988,.T.);
#598=EDGE_CURVE('',#836,#837,#989,.T.);
#599=EDGE_CURVE('',#835,#837,#990,.T.);
#600=EDGE_CURVE('',#838,#838,#30,.T.);
#601=EDGE_CURVE('',#839,#840,#991,.T.);
#602=EDGE_CURVE('',#839,#841,#992,.T.);
#603=EDGE_CURVE('',#841,#842,#993,.T.);
#604=EDGE_CURVE('',#840,#842,#994,.T.);
#605=EDGE_CURVE('',#843,#844,#995,.T.);
#606=EDGE_CURVE('',#843,#845,#996,.T.);
#607=EDGE_CURVE('',#845,#846,#997,.T.);
#608=EDGE_CURVE('',#844,#846,#998,.T.);
#609=EDGE_CURVE('',#847,#848,#999,.T.);
#610=EDGE_CURVE('',#847,#849,#1000,.T.);
#611=EDGE_CURVE('',#849,#850,#1001,.T.);
#612=EDGE_CURVE('',#848,#850,#1002,.T.);
#613=EDGE_CURVE('',#851,#852,#1003,.T.);
#614=EDGE_CURVE('',#851,#853,#1004,.T.);
#615=EDGE_CURVE('',#853,#854,#1005,.T.);
#616=EDGE_CURVE('',#852,#854,#1006,.T.);
#617=EDGE_CURVE('',#855,#856,#1007,.T.);
#618=EDGE_CURVE('',#855,#857,#1008,.T.);
#619=EDGE_CURVE('',#857,#858,#1009,.T.);
#620=EDGE_CURVE('',#856,#858,#1010,.T.);
#621=EDGE_CURVE('',#859,#860,#1011,.T.);
#622=EDGE_CURVE('',#859,#861,#1012,.T.);
#623=EDGE_CURVE('',#861,#862,#1013,.T.);
#624=EDGE_CURVE('',#860,#862,#1014,.T.);
#625=EDGE_CURVE('',#863,#864,#1015,.T.);
#626=EDGE_CURVE('',#863,#865,#1016,.T.);
#627=EDGE_CURVE('',#865,#866,#1017,.T.);
#628=EDGE_CURVE('',#864,#866,#1018,.T.);
#629=EDGE_CURVE('',#867,#868,#1019,.T.);
#630=EDGE_CURVE('',#867,#869,#1020,.T.);
#631=EDGE_CURVE('',#869,#870,#1021,.T.);
#632=EDGE_CURVE('',#868,#870,#1022,.T.);
#633=EDGE_CURVE('',#871,#871,#31,.T.);
#634=EDGE_CURVE('',#872,#872,#32,.T.);
#635=EDGE_CURVE('',#873,#873,#33,.T.);
#636=EDGE_CURVE('',#874,#874,#34,.T.);
#637=EDGE_CURVE('',#875,#876,#1023,.T.);
#638=EDGE_CURVE('',#875,#877,#1024,.T.);
#639=EDGE_CURVE('',#877,#878,#1025,.T.);
#640=EDGE_CURVE('',#876,#878,#1026,.T.);
#641=EDGE_CURVE('',#879,#880,#1027,.T.);
#642=EDGE_CURVE('',#879,#881,#1028,.T.);
#643=EDGE_CURVE('',#881,#882,#1029,.T.);
#644=EDGE_CURVE('',#880,#882,#1030,.T.);
#645=EDGE_CURVE('',#883,#884,#1031,.T.);
#646=EDGE_CURVE('',#883,#885,#1032,.T.);
#647=EDGE_CURVE('',#885,#886,#1033,.T.);
#648=EDGE_CURVE('',#884,#886,#1034,.T.);
#649=EDGE_CURVE('',#887,#888,#1035,.T.);
#650=EDGE_CURVE('',#887,#889,#1036,.T.);
#651=EDGE_CURVE('',#889,#890,#1037,.T.);
#652=EDGE_CURVE('',#888,#890,#1038,.T.);
#653=EDGE_CURVE('',#891,#892,#1039,.T.);
#654=EDGE_CURVE('',#891,#893,#1040,.T.);
#655=EDGE_CURVE('',#893,#894,#1041,.T.);
#656=EDGE_CURVE('',#892,#894,#1042,.T.);
#657=EDGE_CURVE('',#895,#896,#1043,.T.);
#658=EDGE_CURVE('',#895,#897,#1044,.T.);
#659=EDGE_CURVE('',#897,#898,#1045,.T.);
#660=EDGE_CURVE('',#896,#898,#1046,.T.);
#661=EDGE_CURVE('',#899,#900,#1047,.T.);
#662=EDGE_CURVE('',#899,#901,#1048,.T.);
#663=EDGE_CURVE('',#901,#902,#1049,.T.);
#664=EDGE_CURVE('',#900,#902,#1050,.T.);
#665=EDGE_CURVE('',#903,#904,#1051,.T.);
#666=EDGE_CURVE('',#903,#905,#1052,.T.);
#667=EDGE_CURVE('',#905,#906,#1053,.T.);
#668=EDGE_CURVE('',#904,#906,#1054,.T.);
#669=EDGE_CURVE('',#907,#908,#1055,.T.);
#670=EDGE_CURVE('',#907,#909,#35,.T.);
#671=EDGE_CURVE('',#909,#910,#1056,.T.);
#672=EDGE_CURVE('',#910,#911,#36,.T.);
#673=EDGE_CURVE('',#911,#912,#1057,.T.);
#674=EDGE_CURVE('',#912,#913,#37,.T.);
#675=EDGE_CURVE('',#914,#913,#1058,.T.);
#676=EDGE_CURVE('',#914,#908,#38,.T.);
#677=EDGE_CURVE('',#818,#868,#1059,.T.);
#678=EDGE_CURVE('',#817,#867,#1060,.T.);
#679=EDGE_CURVE('',#819,#870,#1061,.T.);
#680=EDGE_CURVE('',#820,#869,#1062,.T.);
#681=EDGE_CURVE('',#876,#815,#1063,.T.);
#682=EDGE_CURVE('',#875,#813,#1064,.T.);
#683=EDGE_CURVE('',#877,#814,#1065,.T.);
#684=EDGE_CURVE('',#878,#816,#1066,.T.);
#685=EDGE_CURVE('',#864,#811,#1067,.T.);
#686=EDGE_CURVE('',#863,#809,#1068,.T.);
#687=EDGE_CURVE('',#865,#810,#1069,.T.);
#688=EDGE_CURVE('',#866,#812,#1070,.T.);
#689=EDGE_CURVE('',#880,#807,#1071,.T.);
#690=EDGE_CURVE('',#879,#805,#1072,.T.);
#691=EDGE_CURVE('',#881,#806,#1073,.T.);
#692=EDGE_CURVE('',#882,#808,#1074,.T.);
#693=EDGE_CURVE('',#860,#803,#1075,.T.);
#694=EDGE_CURVE('',#859,#801,#1076,.T.);
#695=EDGE_CURVE('',#861,#802,#1077,.T.);
#696=EDGE_CURVE('',#862,#804,#1078,.T.);
#697=EDGE_CURVE('',#884,#799,#1079,.T.);
#698=EDGE_CURVE('',#883,#797,#1080,.T.);
#699=EDGE_CURVE('',#885,#798,#1081,.T.);
#700=EDGE_CURVE('',#886,#800,#1082,.T.);
#701=EDGE_CURVE('',#856,#795,#1083,.T.);
#702=EDGE_CURVE('',#855,#793,#1084,.T.);
#703=EDGE_CURVE('',#857,#794,#1085,.T.);
#704=EDGE_CURVE('',#858,#796,#1086,.T.);
#705=EDGE_CURVE('',#888,#791,#1087,.T.);
#706=EDGE_CURVE('',#887,#789,#1088,.T.);
#707=EDGE_CURVE('',#889,#790,#1089,.T.);
#708=EDGE_CURVE('',#890,#792,#1090,.T.);
#709=EDGE_CURVE('',#852,#787,#1091,.T.);
#710=EDGE_CURVE('',#851,#785,#1092,.T.);
#711=EDGE_CURVE('',#853,#786,#1093,.T.);
#712=EDGE_CURVE('',#854,#788,#1094,.T.);
#713=EDGE_CURVE('',#892,#783,#1095,.T.);
#714=EDGE_CURVE('',#891,#781,#1096,.T.);
#715=EDGE_CURVE('',#893,#782,#1097,.T.);
#716=EDGE_CURVE('',#894,#784,#1098,.T.);
#717=EDGE_CURVE('',#848,#779,#1099,.T.);
#718=EDGE_CURVE('',#847,#777,#1100,.T.);
#719=EDGE_CURVE('',#849,#778,#1101,.T.);
#720=EDGE_CURVE('',#850,#780,#1102,.T.);
#721=EDGE_CURVE('',#896,#775,#1103,.T.);
#722=EDGE_CURVE('',#895,#773,#1104,.T.);
#723=EDGE_CURVE('',#897,#774,#1105,.T.);
#724=EDGE_CURVE('',#898,#776,#1106,.T.);
#725=EDGE_CURVE('',#844,#771,#1107,.T.);
#726=EDGE_CURVE('',#843,#769,#1108,.T.);
#727=EDGE_CURVE('',#845,#770,#1109,.T.);
#728=EDGE_CURVE('',#846,#772,#1110,.T.);
#729=EDGE_CURVE('',#900,#767,#1111,.T.);
#730=EDGE_CURVE('',#899,#765,#1112,.T.);
#731=EDGE_CURVE('',#901,#766,#1113,.T.);
#732=EDGE_CURVE('',#902,#768,#1114,.T.);
#733=EDGE_CURVE('',#840,#763,#1115,.T.);
#734=EDGE_CURVE('',#839,#761,#1116,.T.);
#735=EDGE_CURVE('',#841,#762,#1117,.T.);
#736=EDGE_CURVE('',#842,#764,#1118,.T.);
#737=EDGE_CURVE('',#904,#759,#1119,.T.);
#738=EDGE_CURVE('',#903,#757,#1120,.T.);
#739=EDGE_CURVE('',#905,#758,#1121,.T.);
#740=EDGE_CURVE('',#906,#760,#1122,.T.);
#741=EDGE_CURVE('',#835,#755,#1123,.T.);
#742=EDGE_CURVE('',#834,#753,#1124,.T.);
#743=EDGE_CURVE('',#836,#754,#1125,.T.);
#744=EDGE_CURVE('',#837,#756,#1126,.T.);
#745=EDGE_CURVE('',#908,#829,#1127,.T.);
#746=EDGE_CURVE('',#828,#907,#1128,.F.);
#747=EDGE_CURVE('',#909,#826,#1129,.T.);
#748=EDGE_CURVE('',#827,#910,#1130,.F.);
#749=EDGE_CURVE('',#832,#912,#1131,.F.);
#750=EDGE_CURVE('',#911,#833,#1132,.T.);
#751=EDGE_CURVE('',#913,#831,#1133,.T.);
#752=EDGE_CURVE('',#830,#914,#1134,.F.);
#753=VERTEX_POINT('',#2317);
#754=VERTEX_POINT('',#2318);
#755=VERTEX_POINT('',#2320);
#756=VERTEX_POINT('',#2322);
#757=VERTEX_POINT('',#2325);
#758=VERTEX_POINT('',#2326);
#759=VERTEX_POINT('',#2328);
#760=VERTEX_POINT('',#2330);
#761=VERTEX_POINT('',#2333);
#762=VERTEX_POINT('',#2334);
#763=VERTEX_POINT('',#2336);
#764=VERTEX_POINT('',#2338);
#765=VERTEX_POINT('',#2341);
#766=VERTEX_POINT('',#2342);
#767=VERTEX_POINT('',#2344);
#768=VERTEX_POINT('',#2346);
#769=VERTEX_POINT('',#2349);
#770=VERTEX_POINT('',#2350);
#771=VERTEX_POINT('',#2352);
#772=VERTEX_POINT('',#2354);
#773=VERTEX_POINT('',#2357);
#774=VERTEX_POINT('',#2358);
#775=VERTEX_POINT('',#2360);
#776=VERTEX_POINT('',#2362);
#777=VERTEX_POINT('',#2365);
#778=VERTEX_POINT('',#2366);
#779=VERTEX_POINT('',#2368);
#780=VERTEX_POINT('',#2370);
#781=VERTEX_POINT('',#2373);
#782=VERTEX_POINT('',#2374);
#783=VERTEX_POINT('',#2376);
#784=VERTEX_POINT('',#2378);
#785=VERTEX_POINT('',#2381);
#786=VERTEX_POINT('',#2382);
#787=VERTEX_POINT('',#2384);
#788=VERTEX_POINT('',#2386);
#789=VERTEX_POINT('',#2389);
#790=VERTEX_POINT('',#2390);
#791=VERTEX_POINT('',#2392);
#792=VERTEX_POINT('',#2394);
#793=VERTEX_POINT('',#2397);
#794=VERTEX_POINT('',#2398);
#795=VERTEX_POINT('',#2400);
#796=VERTEX_POINT('',#2402);
#797=VERTEX_POINT('',#2405);
#798=VERTEX_POINT('',#2406);
#799=VERTEX_POINT('',#2408);
#800=VERTEX_POINT('',#2410);
#801=VERTEX_POINT('',#2413);
#802=VERTEX_POINT('',#2414);
#803=VERTEX_POINT('',#2416);
#804=VERTEX_POINT('',#2418);
#805=VERTEX_POINT('',#2421);
#806=VERTEX_POINT('',#2422);
#807=VERTEX_POINT('',#2424);
#808=VERTEX_POINT('',#2426);
#809=VERTEX_POINT('',#2429);
#810=VERTEX_POINT('',#2430);
#811=VERTEX_POINT('',#2432);
#812=VERTEX_POINT('',#2434);
#813=VERTEX_POINT('',#2437);
#814=VERTEX_POINT('',#2438);
#815=VERTEX_POINT('',#2440);
#816=VERTEX_POINT('',#2442);
#817=VERTEX_POINT('',#2445);
#818=VERTEX_POINT('',#2446);
#819=VERTEX_POINT('',#2448);
#820=VERTEX_POINT('',#2450);
#821=VERTEX_POINT('',#2453);
#822=VERTEX_POINT('',#2455);
#823=VERTEX_POINT('',#2457);
#824=VERTEX_POINT('',#2459);
#825=VERTEX_POINT('',#2461);
#826=VERTEX_POINT('',#2463);
#827=VERTEX_POINT('',#2464);
#828=VERTEX_POINT('',#2466);
#829=VERTEX_POINT('',#2468);
#830=VERTEX_POINT('',#2470);
#831=VERTEX_POINT('',#2472);
#832=VERTEX_POINT('',#2474);
#833=VERTEX_POINT('',#2476);
#834=VERTEX_POINT('',#2480);
#835=VERTEX_POINT('',#2481);
#836=VERTEX_POINT('',#2483);
#837=VERTEX_POINT('',#2485);
#838=VERTEX_POINT('',#2488);
#839=VERTEX_POINT('',#2490);
#840=VERTEX_POINT('',#2491);
#841=VERTEX_POINT('',#2493);
#842=VERTEX_POINT('',#2495);
#843=VERTEX_POINT('',#2498);
#844=VERTEX_POINT('',#2499);
#845=VERTEX_POINT('',#2501);
#846=VERTEX_POINT('',#2503);
#847=VERTEX_POINT('',#2506);
#848=VERTEX_POINT('',#2507);
#849=VERTEX_POINT('',#2509);
#850=VERTEX_POINT('',#2511);
#851=VERTEX_POINT('',#2514);
#852=VERTEX_POINT('',#2515);
#853=VERTEX_POINT('',#2517);
#854=VERTEX_POINT('',#2519);
#855=VERTEX_POINT('',#2522);
#856=VERTEX_POINT('',#2523);
#857=VERTEX_POINT('',#2525);
#858=VERTEX_POINT('',#2527);
#859=VERTEX_POINT('',#2530);
#860=VERTEX_POINT('',#2531);
#861=VERTEX_POINT('',#2533);
#862=VERTEX_POINT('',#2535);
#863=VERTEX_POINT('',#2538);
#864=VERTEX_POINT('',#2539);
#865=VERTEX_POINT('',#2541);
#866=VERTEX_POINT('',#2543);
#867=VERTEX_POINT('',#2546);
#868=VERTEX_POINT('',#2547);
#869=VERTEX_POINT('',#2549);
#870=VERTEX_POINT('',#2551);
#871=VERTEX_POINT('',#2554);
#872=VERTEX_POINT('',#2556);
#873=VERTEX_POINT('',#2558);
#874=VERTEX_POINT('',#2560);
#875=VERTEX_POINT('',#2562);
#876=VERTEX_POINT('',#2563);
#877=VERTEX_POINT('',#2565);
#878=VERTEX_POINT('',#2567);
#879=VERTEX_POINT('',#2570);
#880=VERTEX_POINT('',#2571);
#881=VERTEX_POINT('',#2573);
#882=VERTEX_POINT('',#2575);
#883=VERTEX_POINT('',#2578);
#884=VERTEX_POINT('',#2579);
#885=VERTEX_POINT('',#2581);
#886=VERTEX_POINT('',#2583);
#887=VERTEX_POINT('',#2586);
#888=VERTEX_POINT('',#2587);
#889=VERTEX_POINT('',#2589);
#890=VERTEX_POINT('',#2591);
#891=VERTEX_POINT('',#2594);
#892=VERTEX_POINT('',#2595);
#893=VERTEX_POINT('',#2597);
#894=VERTEX_POINT('',#2599);
#895=VERTEX_POINT('',#2602);
#896=VERTEX_POINT('',#2603);
#897=VERTEX_POINT('',#2605);
#898=VERTEX_POINT('',#2607);
#899=VERTEX_POINT('',#2610);
#900=VERTEX_POINT('',#2611);
#901=VERTEX_POINT('',#2613);
#902=VERTEX_POINT('',#2615);
#903=VERTEX_POINT('',#2618);
#904=VERTEX_POINT('',#2619);
#905=VERTEX_POINT('',#2621);
#906=VERTEX_POINT('',#2623);
#907=VERTEX_POINT('',#2626);
#908=VERTEX_POINT('',#2627);
#909=VERTEX_POINT('',#2629);
#910=VERTEX_POINT('',#2631);
#911=VERTEX_POINT('',#2633);
#912=VERTEX_POINT('',#2635);
#913=VERTEX_POINT('',#2637);
#914=VERTEX_POINT('',#2639);
#915=LINE('',#2316,#1135);
#916=LINE('',#2319,#1136);
#917=LINE('',#2321,#1137);
#918=LINE('',#2323,#1138);
#919=LINE('',#2324,#1139);
#920=LINE('',#2327,#1140);
#921=LINE('',#2329,#1141);
#922=LINE('',#2331,#1142);
#923=LINE('',#2332,#1143);
#924=LINE('',#2335,#1144);
#925=LINE('',#2337,#1145);
#926=LINE('',#2339,#1146);
#927=LINE('',#2340,#1147);
#928=LINE('',#2343,#1148);
#929=LINE('',#2345,#1149);
#930=LINE('',#2347,#1150);
#931=LINE('',#2348,#1151);
#932=LINE('',#2351,#1152);
#933=LINE('',#2353,#1153);
#934=LINE('',#2355,#1154);
#935=LINE('',#2356,#1155);
#936=LINE('',#2359,#1156);
#937=LINE('',#2361,#1157);
#938=LINE('',#2363,#1158);
#939=LINE('',#2364,#1159);
#940=LINE('',#2367,#1160);
#941=LINE('',#2369,#1161);
#942=LINE('',#2371,#1162);
#943=LINE('',#2372,#1163);
#944=LINE('',#2375,#1164);
#945=LINE('',#2377,#1165);
#946=LINE('',#2379,#1166);
#947=LINE('',#2380,#1167);
#948=LINE('',#2383,#1168);
#949=LINE('',#2385,#1169);
#950=LINE('',#2387,#1170);
#951=LINE('',#2388,#1171);
#952=LINE('',#2391,#1172);
#953=LINE('',#2393,#1173);
#954=LINE('',#2395,#1174);
#955=LINE('',#2396,#1175);
#956=LINE('',#2399,#1176);
#957=LINE('',#2401,#1177);
#958=LINE('',#2403,#1178);
#959=LINE('',#2404,#1179);
#960=LINE('',#2407,#1180);
#961=LINE('',#2409,#1181);
#962=LINE('',#2411,#1182);
#963=LINE('',#2412,#1183);
#964=LINE('',#2415,#1184);
#965=LINE('',#2417,#1185);
#966=LINE('',#2419,#1186);
#967=LINE('',#2420,#1187);
#968=LINE('',#2423,#1188);
#969=LINE('',#2425,#1189);
#970=LINE('',#2427,#1190);
#971=LINE('',#2428,#1191);
#972=LINE('',#2431,#1192);
#973=LINE('',#2433,#1193);
#974=LINE('',#2435,#1194);
#975=LINE('',#2436,#1195);
#976=LINE('',#2439,#1196);
#977=LINE('',#2441,#1197);
#978=LINE('',#2443,#1198);
#979=LINE('',#2444,#1199);
#980=LINE('',#2447,#1200);
#981=LINE('',#2449,#1201);
#982=LINE('',#2451,#1202);
#983=LINE('',#2462,#1203);
#984=LINE('',#2467,#1204);
#985=LINE('',#2471,#1205);
#986=LINE('',#2475,#1206);
#987=LINE('',#2479,#1207);
#988=LINE('',#2482,#1208);
#989=LINE('',#2484,#1209);
#990=LINE('',#2486,#1210);
#991=LINE('',#2489,#1211);
#992=LINE('',#2492,#1212);
#993=LINE('',#2494,#1213);
#994=LINE('',#2496,#1214);
#995=LINE('',#2497,#1215);
#996=LINE('',#2500,#1216);
#997=LINE('',#2502,#1217);
#998=LINE('',#2504,#1218);
#999=LINE('',#2505,#1219);
#1000=LINE('',#2508,#1220);
#1001=LINE('',#2510,#1221);
#1002=LINE('',#2512,#1222);
#1003=LINE('',#2513,#1223);
#1004=LINE('',#2516,#1224);
#1005=LINE('',#2518,#1225);
#1006=LINE('',#2520,#1226);
#1007=LINE('',#2521,#1227);
#1008=LINE('',#2524,#1228);
#1009=LINE('',#2526,#1229);
#1010=LINE('',#2528,#1230);
#1011=LINE('',#2529,#1231);
#1012=LINE('',#2532,#1232);
#1013=LINE('',#2534,#1233);
#1014=LINE('',#2536,#1234);
#1015=LINE('',#2537,#1235);
#1016=LINE('',#2540,#1236);
#1017=LINE('',#2542,#1237);
#1018=LINE('',#2544,#1238);
#1019=LINE('',#2545,#1239);
#1020=LINE('',#2548,#1240);
#1021=LINE('',#2550,#1241);
#1022=LINE('',#2552,#1242);
#1023=LINE('',#2561,#1243);
#1024=LINE('',#2564,#1244);
#1025=LINE('',#2566,#1245);
#1026=LINE('',#2568,#1246);
#1027=LINE('',#2569,#1247);
#1028=LINE('',#2572,#1248);
#1029=LINE('',#2574,#1249);
#1030=LINE('',#2576,#1250);
#1031=LINE('',#2577,#1251);
#1032=LINE('',#2580,#1252);
#1033=LINE('',#2582,#1253);
#1034=LINE('',#2584,#1254);
#1035=LINE('',#2585,#1255);
#1036=LINE('',#2588,#1256);
#1037=LINE('',#2590,#1257);
#1038=LINE('',#2592,#1258);
#1039=LINE('',#2593,#1259);
#1040=LINE('',#2596,#1260);
#1041=LINE('',#2598,#1261);
#1042=LINE('',#2600,#1262);
#1043=LINE('',#2601,#1263);
#1044=LINE('',#2604,#1264);
#1045=LINE('',#2606,#1265);
#1046=LINE('',#2608,#1266);
#1047=LINE('',#2609,#1267);
#1048=LINE('',#2612,#1268);
#1049=LINE('',#2614,#1269);
#1050=LINE('',#2616,#1270);
#1051=LINE('',#2617,#1271);
#1052=LINE('',#2620,#1272);
#1053=LINE('',#2622,#1273);
#1054=LINE('',#2624,#1274);
#1055=LINE('',#2625,#1275);
#1056=LINE('',#2630,#1276);
#1057=LINE('',#2634,#1277);
#1058=LINE('',#2638,#1278);
#1059=LINE('',#2642,#1279);
#1060=LINE('',#2643,#1280);
#1061=LINE('',#2645,#1281);
#1062=LINE('',#2647,#1282);
#1063=LINE('',#2654,#1283);
#1064=LINE('',#2655,#1284);
#1065=LINE('',#2657,#1285);
#1066=LINE('',#2659,#1286);
#1067=LINE('',#2662,#1287);
#1068=LINE('',#2663,#1288);
#1069=LINE('',#2665,#1289);
#1070=LINE('',#2667,#1290);
#1071=LINE('',#2670,#1291);
#1072=LINE('',#2671,#1292);
#1073=LINE('',#2673,#1293);
#1074=LINE('',#2675,#1294);
#1075=LINE('',#2678,#1295);
#1076=LINE('',#2679,#1296);
#1077=LINE('',#2681,#1297);
#1078=LINE('',#2683,#1298);
#1079=LINE('',#2686,#1299);
#1080=LINE('',#2687,#1300);
#1081=LINE('',#2689,#1301);
#1082=LINE('',#2691,#1302);
#1083=LINE('',#2694,#1303);
#1084=LINE('',#2695,#1304);
#1085=LINE('',#2697,#1305);
#1086=LINE('',#2699,#1306);
#1087=LINE('',#2702,#1307);
#1088=LINE('',#2703,#1308);
#1089=LINE('',#2705,#1309);
#1090=LINE('',#2707,#1310);
#1091=LINE('',#2710,#1311);
#1092=LINE('',#2711,#1312);
#1093=LINE('',#2713,#1313);
#1094=LINE('',#2715,#1314);
#1095=LINE('',#2718,#1315);
#1096=LINE('',#2719,#1316);
#1097=LINE('',#2721,#1317);
#1098=LINE('',#2723,#1318);
#1099=LINE('',#2726,#1319);
#1100=LINE('',#2727,#1320);
#1101=LINE('',#2729,#1321);
#1102=LINE('',#2731,#1322);
#1103=LINE('',#2734,#1323);
#1104=LINE('',#2735,#1324);
#1105=LINE('',#2737,#1325);
#1106=LINE('',#2739,#1326);
#1107=LINE('',#2742,#1327);
#1108=LINE('',#2743,#1328);
#1109=LINE('',#2745,#1329);
#1110=LINE('',#2747,#1330);
#1111=LINE('',#2750,#1331);
#1112=LINE('',#2751,#1332);
#1113=LINE('',#2753,#1333);
#1114=LINE('',#2755,#1334);
#1115=LINE('',#2758,#1335);
#1116=LINE('',#2759,#1336);
#1117=LINE('',#2761,#1337);
#1118=LINE('',#2763,#1338);
#1119=LINE('',#2766,#1339);
#1120=LINE('',#2767,#1340);
#1121=LINE('',#2769,#1341);
#1122=LINE('',#2771,#1342);
#1123=LINE('',#2775,#1343);
#1124=LINE('',#2776,#1344);
#1125=LINE('',#2778,#1345);
#1126=LINE('',#2780,#1346);
#1127=LINE('',#2783,#1347);
#1128=LINE('',#2784,#1348);
#1129=LINE('',#2786,#1349);
#1130=LINE('',#2787,#1350);
#1131=LINE('',#2789,#1351);
#1132=LINE('',#2790,#1352);
#1133=LINE('',#2792,#1353);
#1134=LINE('',#2793,#1354);
#1135=VECTOR('',#1894,1.);
#1136=VECTOR('',#1895,1.);
#1137=VECTOR('',#1896,1.);
#1138=VECTOR('',#1897,1.);
#1139=VECTOR('',#1898,1.);
#1140=VECTOR('',#1899,1.);
#1141=VECTOR('',#1900,1.);
#1142=VECTOR('',#1901,1.);
#1143=VECTOR('',#1902,1.);
#1144=VECTOR('',#1903,1.);
#1145=VECTOR('',#1904,1.);
#1146=VECTOR('',#1905,1.);
#1147=VECTOR('',#1906,1.);
#1148=VECTOR('',#1907,1.);
#1149=VECTOR('',#1908,1.);
#1150=VECTOR('',#1909,1.);
#1151=VECTOR('',#1910,1.);
#1152=VECTOR('',#1911,1.);
#1153=VECTOR('',#1912,1.);
#1154=VECTOR('',#1913,1.);
#1155=VECTOR('',#1914,1.);
#1156=VECTOR('',#1915,1.);
#1157=VECTOR('',#1916,1.);
#1158=VECTOR('',#1917,1.);
#1159=VECTOR('',#1918,1.);
#1160=VECTOR('',#1919,1.);
#1161=VECTOR('',#1920,1.);
#1162=VECTOR('',#1921,1.);
#1163=VECTOR('',#1922,1.);
#1164=VECTOR('',#1923,1.);
#1165=VECTOR('',#1924,1.);
#1166=VECTOR('',#1925,1.);
#1167=VECTOR('',#1926,1.);
#1168=VECTOR('',#1927,1.);
#1169=VECTOR('',#1928,1.);
#1170=VECTOR('',#1929,1.);
#1171=VECTOR('',#1930,1.);
#1172=VECTOR('',#1931,1.);
#1173=VECTOR('',#1932,1.);
#1174=VECTOR('',#1933,1.);
#1175=VECTOR('',#1934,1.);
#1176=VECTOR('',#1935,1.);
#1177=VECTOR('',#1936,1.);
#1178=VECTOR('',#1937,1.);
#1179=VECTOR('',#1938,1.);
#1180=VECTOR('',#1939,1.);
#1181=VECTOR('',#1940,1.);
#1182=VECTOR('',#1941,1.);
#1183=VECTOR('',#1942,1.);
#1184=VECTOR('',#1943,1.);
#1185=VECTOR('',#1944,1.);
#1186=VECTOR('',#1945,1.);
#1187=VECTOR('',#1946,1.);
#1188=VECTOR('',#1947,1.);
#1189=VECTOR('',#1948,1.);
#1190=VECTOR('',#1949,1.);
#1191=VECTOR('',#1950,1.);
#1192=VECTOR('',#1951,1.);
#1193=VECTOR('',#1952,1.);
#1194=VECTOR('',#1953,1.);
#1195=VECTOR('',#1954,1.);
#1196=VECTOR('',#1955,1.);
#1197=VECTOR('',#1956,1.);
#1198=VECTOR('',#1957,1.);
#1199=VECTOR('',#1958,1.);
#1200=VECTOR('',#1959,1.);
#1201=VECTOR('',#1960,1.);
#1202=VECTOR('',#1961,1.);
#1203=VECTOR('',#1972,1.);
#1204=VECTOR('',#1975,1.);
#1205=VECTOR('',#1978,1.);
#1206=VECTOR('',#1981,1.);
#1207=VECTOR('',#1986,1.);
#1208=VECTOR('',#1987,1.);
#1209=VECTOR('',#1988,1.);
#1210=VECTOR('',#1989,1.);
#1211=VECTOR('',#1992,1.);
#1212=VECTOR('',#1993,1.);
#1213=VECTOR('',#1994,1.);
#1214=VECTOR('',#1995,1.);
#1215=VECTOR('',#1996,1.);
#1216=VECTOR('',#1997,1.);
#1217=VECTOR('',#1998,1.);
#1218=VECTOR('',#1999,1.);
#1219=VECTOR('',#2000,1.);
#1220=VECTOR('',#2001,1.);
#1221=VECTOR('',#2002,1.);
#1222=VECTOR('',#2003,1.);
#1223=VECTOR('',#2004,1.);
#1224=VECTOR('',#2005,1.);
#1225=VECTOR('',#2006,1.);
#1226=VECTOR('',#2007,1.);
#1227=VECTOR('',#2008,1.);
#1228=VECTOR('',#2009,1.);
#1229=VECTOR('',#2010,1.);
#1230=VECTOR('',#2011,1.);
#1231=VECTOR('',#2012,1.);
#1232=VECTOR('',#2013,1.);
#1233=VECTOR('',#2014,1.);
#1234=VECTOR('',#2015,1.);
#1235=VECTOR('',#2016,1.);
#1236=VECTOR('',#2017,1.);
#1237=VECTOR('',#2018,1.);
#1238=VECTOR('',#2019,1.);
#1239=VECTOR('',#2020,1.);
#1240=VECTOR('',#2021,1.);
#1241=VECTOR('',#2022,1.);
#1242=VECTOR('',#2023,1.);
#1243=VECTOR('',#2032,1.);
#1244=VECTOR('',#2033,1.);
#1245=VECTOR('',#2034,1.);
#1246=VECTOR('',#2035,1.);
#1247=VECTOR('',#2036,1.);
#1248=VECTOR('',#2037,1.);
#1249=VECTOR('',#2038,1.);
#1250=VECTOR('',#2039,1.);
#1251=VECTOR('',#2040,1.);
#1252=VECTOR('',#2041,1.);
#1253=VECTOR('',#2042,1.);
#1254=VECTOR('',#2043,1.);
#1255=VECTOR('',#2044,1.);
#1256=VECTOR('',#2045,1.);
#1257=VECTOR('',#2046,1.);
#1258=VECTOR('',#2047,1.);
#1259=VECTOR('',#2048,1.);
#1260=VECTOR('',#2049,1.);
#1261=VECTOR('',#2050,1.);
#1262=VECTOR('',#2051,1.);
#1263=VECTOR('',#2052,1.);
#1264=VECTOR('',#2053,1.);
#1265=VECTOR('',#2054,1.);
#1266=VECTOR('',#2055,1.);
#1267=VECTOR('',#2056,1.);
#1268=VECTOR('',#2057,1.);
#1269=VECTOR('',#2058,1.);
#1270=VECTOR('',#2059,1.);
#1271=VECTOR('',#2060,1.);
#1272=VECTOR('',#2061,1.);
#1273=VECTOR('',#2062,1.);
#1274=VECTOR('',#2063,1.);
#1275=VECTOR('',#2064,1.);
#1276=VECTOR('',#2067,1.);
#1277=VECTOR('',#2070,1.);
#1278=VECTOR('',#2073,1.);
#1279=VECTOR('',#2078,1.);
#1280=VECTOR('',#2079,1.);
#1281=VECTOR('',#2082,1.);
#1282=VECTOR('',#2085,1.);
#1283=VECTOR('',#2098,1.);
#1284=VECTOR('',#2099,1.);
#1285=VECTOR('',#2102,1.);
#1286=VECTOR('',#2105,1.);
#1287=VECTOR('',#2110,1.);
#1288=VECTOR('',#2111,1.);
#1289=VECTOR('',#2114,1.);
#1290=VECTOR('',#2117,1.);
#1291=VECTOR('',#2122,1.);
#1292=VECTOR('',#2123,1.);
#1293=VECTOR('',#2126,1.);
#1294=VECTOR('',#2129,1.);
#1295=VECTOR('',#2134,1.);
#1296=VECTOR('',#2135,1.);
#1297=VECTOR('',#2138,1.);
#1298=VECTOR('',#2141,1.);
#1299=VECTOR('',#2146,1.);
#1300=VECTOR('',#2147,1.);
#1301=VECTOR('',#2150,1.);
#1302=VECTOR('',#2153,1.);
#1303=VECTOR('',#2158,1.);
#1304=VECTOR('',#2159,1.);
#1305=VECTOR('',#2162,1.);
#1306=VECTOR('',#2165,1.);
#1307=VECTOR('',#2170,1.);
#1308=VECTOR('',#2171,1.);
#1309=VECTOR('',#2174,1.);
#1310=VECTOR('',#2177,1.);
#1311=VECTOR('',#2182,1.);
#1312=VECTOR('',#2183,1.);
#1313=VECTOR('',#2186,1.);
#1314=VECTOR('',#2189,1.);
#1315=VECTOR('',#2194,1.);
#1316=VECTOR('',#2195,1.);
#1317=VECTOR('',#2198,1.);
#1318=VECTOR('',#2201,1.);
#1319=VECTOR('',#2206,1.);
#1320=VECTOR('',#2207,1.);
#1321=VECTOR('',#2210,1.);
#1322=VECTOR('',#2213,1.);
#1323=VECTOR('',#2218,1.);
#1324=VECTOR('',#2219,1.);
#1325=VECTOR('',#2222,1.);
#1326=VECTOR('',#2225,1.);
#1327=VECTOR('',#2230,1.);
#1328=VECTOR('',#2231,1.);
#1329=VECTOR('',#2234,1.);
#1330=VECTOR('',#2237,1.);
#1331=VECTOR('',#2242,1.);
#1332=VECTOR('',#2243,1.);
#1333=VECTOR('',#2246,1.);
#1334=VECTOR('',#2249,1.);
#1335=VECTOR('',#2254,1.);
#1336=VECTOR('',#2255,1.);
#1337=VECTOR('',#2258,1.);
#1338=VECTOR('',#2261,1.);
#1339=VECTOR('',#2266,1.);
#1340=VECTOR('',#2267,1.);
#1341=VECTOR('',#2270,1.);
#1342=VECTOR('',#2273,1.);
#1343=VECTOR('',#2280,1.);
#1344=VECTOR('',#2281,1.);
#1345=VECTOR('',#2284,1.);
#1346=VECTOR('',#2287,1.);
#1347=VECTOR('',#2292,1.);
#1348=VECTOR('',#2293,1.);
#1349=VECTOR('',#2296,1.);
#1350=VECTOR('',#2297,1.);
#1351=VECTOR('',#2300,1.);
#1352=VECTOR('',#2301,1.);
#1353=VECTOR('',#2304,1.);
#1354=VECTOR('',#2305,1.);
#1355=EDGE_LOOP('',(#39,#40,#41,#42));
#1356=EDGE_LOOP('',(#43,#44,#45,#46));
#1357=EDGE_LOOP('',(#47,#48,#49,#50));
#1358=EDGE_LOOP('',(#51,#52,#53,#54));
#1359=EDGE_LOOP('',(#55,#56,#57,#58));
#1360=EDGE_LOOP('',(#59,#60,#61,#62));
#1361=EDGE_LOOP('',(#63,#64,#65,#66));
#1362=EDGE_LOOP('',(#67,#68,#69,#70));
#1363=EDGE_LOOP('',(#71,#72,#73,#74));
#1364=EDGE_LOOP('',(#75,#76,#77,#78));
#1365=EDGE_LOOP('',(#79,#80,#81,#82));
#1366=EDGE_LOOP('',(#83,#84,#85,#86));
#1367=EDGE_LOOP('',(#87,#88,#89,#90));
#1368=EDGE_LOOP('',(#91,#92,#93,#94));
#1369=EDGE_LOOP('',(#95,#96,#97,#98));
#1370=EDGE_LOOP('',(#99,#100,#101,#102));
#1371=EDGE_LOOP('',(#103,#104,#105,#106));
#1372=EDGE_LOOP('',(#107));
#1373=EDGE_LOOP('',(#108));
#1374=EDGE_LOOP('',(#109));
#1375=EDGE_LOOP('',(#110));
#1376=EDGE_LOOP('',(#111));
#1377=EDGE_LOOP('',(#112,#113,#114,#115,#116,#117,#118,#119));
#1378=EDGE_LOOP('',(#120,#121,#122,#123));
#1379=EDGE_LOOP('',(#124));
#1380=EDGE_LOOP('',(#125,#126,#127,#128));
#1381=EDGE_LOOP('',(#129,#130,#131,#132));
#1382=EDGE_LOOP('',(#133,#134,#135,#136));
#1383=EDGE_LOOP('',(#137,#138,#139,#140));
#1384=EDGE_LOOP('',(#141,#142,#143,#144));
#1385=EDGE_LOOP('',(#145,#146,#147,#148));
#1386=EDGE_LOOP('',(#149,#150,#151,#152));
#1387=EDGE_LOOP('',(#153,#154,#155,#156));
#1388=EDGE_LOOP('',(#157));
#1389=EDGE_LOOP('',(#158));
#1390=EDGE_LOOP('',(#159));
#1391=EDGE_LOOP('',(#160));
#1392=EDGE_LOOP('',(#161,#162,#163,#164));
#1393=EDGE_LOOP('',(#165,#166,#167,#168));
#1394=EDGE_LOOP('',(#169,#170,#171,#172));
#1395=EDGE_LOOP('',(#173,#174,#175,#176));
#1396=EDGE_LOOP('',(#177,#178,#179,#180));
#1397=EDGE_LOOP('',(#181,#182,#183,#184));
#1398=EDGE_LOOP('',(#185,#186,#187,#188));
#1399=EDGE_LOOP('',(#189,#190,#191,#192));
#1400=EDGE_LOOP('',(#193,#194,#195,#196,#197,#198,#199,#200));
#1401=EDGE_LOOP('',(#201,#202,#203,#204));
#1402=EDGE_LOOP('',(#205,#206,#207,#208));
#1403=EDGE_LOOP('',(#209,#210,#211,#212));
#1404=EDGE_LOOP('',(#213));
#1405=EDGE_LOOP('',(#214));
#1406=EDGE_LOOP('',(#215));
#1407=EDGE_LOOP('',(#216));
#1408=EDGE_LOOP('',(#217));
#1409=EDGE_LOOP('',(#218));
#1410=EDGE_LOOP('',(#219));
#1411=EDGE_LOOP('',(#220));
#1412=EDGE_LOOP('',(#221,#222,#223,#224));
#1413=EDGE_LOOP('',(#225,#226,#227,#228));
#1414=EDGE_LOOP('',(#229,#230,#231,#232));
#1415=EDGE_LOOP('',(#233,#234,#235,#236));
#1416=EDGE_LOOP('',(#237,#238,#239,#240));
#1417=EDGE_LOOP('',(#241,#242,#243,#244));
#1418=EDGE_LOOP('',(#245,#246,#247,#248));
#1419=EDGE_LOOP('',(#249,#250,#251,#252));
#1420=EDGE_LOOP('',(#253,#254,#255,#256));
#1421=EDGE_LOOP('',(#257,#258,#259,#260));
#1422=EDGE_LOOP('',(#261,#262,#263,#264));
#1423=EDGE_LOOP('',(#265,#266,#267,#268));
#1424=EDGE_LOOP('',(#269,#270,#271,#272));
#1425=EDGE_LOOP('',(#273,#274,#275,#276));
#1426=EDGE_LOOP('',(#277,#278,#279,#280));
#1427=EDGE_LOOP('',(#281,#282,#283,#284));
#1428=EDGE_LOOP('',(#285,#286,#287,#288));
#1429=EDGE_LOOP('',(#289,#290,#291,#292));
#1430=EDGE_LOOP('',(#293,#294,#295,#296));
#1431=EDGE_LOOP('',(#297,#298,#299,#300));
#1432=EDGE_LOOP('',(#301,#302,#303,#304));
#1433=EDGE_LOOP('',(#305,#306,#307,#308));
#1434=EDGE_LOOP('',(#309,#310,#311,#312));
#1435=EDGE_LOOP('',(#313,#314,#315,#316));
#1436=EDGE_LOOP('',(#317,#318,#319,#320));
#1437=EDGE_LOOP('',(#321,#322,#323,#324));
#1438=EDGE_LOOP('',(#325,#326,#327,#328));
#1439=EDGE_LOOP('',(#329,#330,#331,#332));
#1440=EDGE_LOOP('',(#333,#334,#335,#336));
#1441=EDGE_LOOP('',(#337,#338,#339,#340));
#1442=EDGE_LOOP('',(#341,#342,#343,#344));
#1443=EDGE_LOOP('',(#345,#346,#347,#348));
#1444=EDGE_LOOP('',(#349,#350,#351,#352));
#1445=EDGE_LOOP('',(#353,#354,#355,#356));
#1446=EDGE_LOOP('',(#357,#358,#359,#360));
#1447=EDGE_LOOP('',(#361,#362,#363,#364));
#1448=EDGE_LOOP('',(#365,#366,#367,#368));
#1449=EDGE_LOOP('',(#369,#370,#371,#372));
#1450=EDGE_LOOP('',(#373,#374,#375,#376));
#1451=EDGE_LOOP('',(#377,#378,#379,#380));
#1452=EDGE_LOOP('',(#381,#382,#383,#384));
#1453=EDGE_LOOP('',(#385,#386,#387,#388));
#1454=EDGE_LOOP('',(#389,#390,#391,#392));
#1455=EDGE_LOOP('',(#393,#394,#395,#396));
#1456=EDGE_LOOP('',(#397,#398,#399,#400));
#1457=EDGE_LOOP('',(#401,#402,#403,#404));
#1458=EDGE_LOOP('',(#405,#406,#407,#408));
#1459=EDGE_LOOP('',(#409,#410,#411,#412));
#1460=EDGE_LOOP('',(#413,#414,#415,#416));
#1461=EDGE_LOOP('',(#417,#418,#419,#420));
#1462=EDGE_LOOP('',(#421,#422,#423,#424));
#1463=EDGE_LOOP('',(#425,#426,#427,#428));
#1464=EDGE_LOOP('',(#429,#430,#431,#432));
#1465=EDGE_LOOP('',(#433,#434,#435,#436));
#1466=EDGE_LOOP('',(#437,#438,#439,#440));
#1467=EDGE_LOOP('',(#441,#442,#443,#444));
#1468=EDGE_LOOP('',(#445,#446,#447,#448));
#1469=EDGE_LOOP('',(#449,#450,#451,#452));
#1470=EDGE_LOOP('',(#453,#454,#455,#456));
#1471=EDGE_LOOP('',(#457,#458,#459,#460));
#1472=EDGE_LOOP('',(#461,#462,#463,#464));
#1473=EDGE_LOOP('',(#465));
#1474=EDGE_LOOP('',(#466));
#1475=EDGE_LOOP('',(#467,#468,#469,#470));
#1476=EDGE_LOOP('',(#471,#472,#473,#474));
#1477=EDGE_LOOP('',(#475,#476,#477,#478));
#1478=EDGE_LOOP('',(#479,#480,#481,#482));
#1479=EDGE_LOOP('',(#483,#484,#485,#486));
#1480=EDGE_LOOP('',(#487,#488,#489,#490));
#1481=EDGE_LOOP('',(#491,#492,#493,#494));
#1482=EDGE_LOOP('',(#495,#496,#497,#498));
#1483=EDGE_LOOP('',(#499,#500,#501,#502));
#1484=EDGE_LOOP('',(#503,#504,#505,#506));
#1485=EDGE_LOOP('',(#507,#508,#509,#510));
#1486=EDGE_LOOP('',(#511,#512,#513,#514));
#1487=FACE_BOUND('',#1355,.T.);
#1488=FACE_BOUND('',#1356,.T.);
#1489=FACE_BOUND('',#1357,.T.);
#1490=FACE_BOUND('',#1358,.T.);
#1491=FACE_BOUND('',#1359,.T.);
#1492=FACE_BOUND('',#1360,.T.);
#1493=FACE_BOUND('',#1361,.T.);
#1494=FACE_BOUND('',#1362,.T.);
#1495=FACE_BOUND('',#1363,.T.);
#1496=FACE_BOUND('',#1364,.T.);
#1497=FACE_BOUND('',#1365,.T.);
#1498=FACE_BOUND('',#1366,.T.);
#1499=FACE_BOUND('',#1367,.T.);
#1500=FACE_BOUND('',#1368,.T.);
#1501=FACE_BOUND('',#1369,.T.);
#1502=FACE_BOUND('',#1370,.T.);
#1503=FACE_BOUND('',#1371,.T.);
#1504=FACE_BOUND('',#1372,.T.);
#1505=FACE_BOUND('',#1373,.T.);
#1506=FACE_BOUND('',#1374,.T.);
#1507=FACE_BOUND('',#1375,.T.);
#1508=FACE_BOUND('',#1376,.T.);
#1509=FACE_BOUND('',#1377,.T.);
#1510=FACE_BOUND('',#1378,.T.);
#1511=FACE_BOUND('',#1379,.T.);
#1512=FACE_BOUND('',#1380,.T.);
#1513=FACE_BOUND('',#1381,.T.);
#1514=FACE_BOUND('',#1382,.T.);
#1515=FACE_BOUND('',#1383,.T.);
#1516=FACE_BOUND('',#1384,.T.);
#1517=FACE_BOUND('',#1385,.T.);
#1518=FACE_BOUND('',#1386,.T.);
#1519=FACE_BOUND('',#1387,.T.);
#1520=FACE_BOUND('',#1388,.T.);
#1521=FACE_BOUND('',#1389,.T.);
#1522=FACE_BOUND('',#1390,.T.);
#1523=FACE_BOUND('',#1391,.T.);
#1524=FACE_BOUND('',#1392,.T.);
#1525=FACE_BOUND('',#1393,.T.);
#1526=FACE_BOUND('',#1394,.T.);
#1527=FACE_BOUND('',#1395,.T.);
#1528=FACE_BOUND('',#1396,.T.);
#1529=FACE_BOUND('',#1397,.T.);
#1530=FACE_BOUND('',#1398,.T.);
#1531=FACE_BOUND('',#1399,.T.);
#1532=FACE_BOUND('',#1400,.T.);
#1533=FACE_BOUND('',#1401,.T.);
#1534=FACE_BOUND('',#1402,.T.);
#1535=FACE_BOUND('',#1403,.T.);
#1536=FACE_BOUND('',#1404,.T.);
#1537=FACE_BOUND('',#1405,.T.);
#1538=FACE_BOUND('',#1406,.T.);
#1539=FACE_BOUND('',#1407,.T.);
#1540=FACE_BOUND('',#1408,.T.);
#1541=FACE_BOUND('',#1409,.T.);
#1542=FACE_BOUND('',#1410,.T.);
#1543=FACE_BOUND('',#1411,.T.);
#1544=FACE_BOUND('',#1412,.T.);
#1545=FACE_BOUND('',#1413,.T.);
#1546=FACE_BOUND('',#1414,.T.);
#1547=FACE_BOUND('',#1415,.T.);
#1548=FACE_BOUND('',#1416,.T.);
#1549=FACE_BOUND('',#1417,.T.);
#1550=FACE_BOUND('',#1418,.T.);
#1551=FACE_BOUND('',#1419,.T.);
#1552=FACE_BOUND('',#1420,.T.);
#1553=FACE_BOUND('',#1421,.T.);
#1554=FACE_BOUND('',#1422,.T.);
#1555=FACE_BOUND('',#1423,.T.);
#1556=FACE_BOUND('',#1424,.T.);
#1557=FACE_BOUND('',#1425,.T.);
#1558=FACE_BOUND('',#1426,.T.);
#1559=FACE_BOUND('',#1427,.T.);
#1560=FACE_BOUND('',#1428,.T.);
#1561=FACE_BOUND('',#1429,.T.);
#1562=FACE_BOUND('',#1430,.T.);
#1563=FACE_BOUND('',#1431,.T.);
#1564=FACE_BOUND('',#1432,.T.);
#1565=FACE_BOUND('',#1433,.T.);
#1566=FACE_BOUND('',#1434,.T.);
#1567=FACE_BOUND('',#1435,.T.);
#1568=FACE_BOUND('',#1436,.T.);
#1569=FACE_BOUND('',#1437,.T.);
#1570=FACE_BOUND('',#1438,.T.);
#1571=FACE_BOUND('',#1439,.T.);
#1572=FACE_BOUND('',#1440,.T.);
#1573=FACE_BOUND('',#1441,.T.);
#1574=FACE_BOUND('',#1442,.T.);
#1575=FACE_BOUND('',#1443,.T.);
#1576=FACE_BOUND('',#1444,.T.);
#1577=FACE_BOUND('',#1445,.T.);
#1578=FACE_BOUND('',#1446,.T.);
#1579=FACE_BOUND('',#1447,.T.);
#1580=FACE_BOUND('',#1448,.T.);
#1581=FACE_BOUND('',#1449,.T.);
#1582=FACE_BOUND('',#1450,.T.);
#1583=FACE_BOUND('',#1451,.T.);
#1584=FACE_BOUND('',#1452,.T.);
#1585=FACE_BOUND('',#1453,.T.);
#1586=FACE_BOUND('',#1454,.T.);
#1587=FACE_BOUND('',#1455,.T.);
#1588=FACE_BOUND('',#1456,.T.);
#1589=FACE_BOUND('',#1457,.T.);
#1590=FACE_BOUND('',#1458,.T.);
#1591=FACE_BOUND('',#1459,.T.);
#1592=FACE_BOUND('',#1460,.T.);
#1593=FACE_BOUND('',#1461,.T.);
#1594=FACE_BOUND('',#1462,.T.);
#1595=FACE_BOUND('',#1463,.T.);
#1596=FACE_BOUND('',#1464,.T.);
#1597=FACE_BOUND('',#1465,.T.);
#1598=FACE_BOUND('',#1466,.T.);
#1599=FACE_BOUND('',#1467,.T.);
#1600=FACE_BOUND('',#1468,.T.);
#1601=FACE_BOUND('',#1469,.T.);
#1602=FACE_BOUND('',#1470,.T.);
#1603=FACE_BOUND('',#1471,.T.);
#1604=FACE_BOUND('',#1472,.T.);
#1605=FACE_BOUND('',#1473,.T.);
#1606=FACE_BOUND('',#1474,.T.);
#1607=FACE_BOUND('',#1475,.T.);
#1608=FACE_BOUND('',#1476,.T.);
#1609=FACE_BOUND('',#1477,.T.);
#1610=FACE_BOUND('',#1478,.T.);
#1611=FACE_BOUND('',#1479,.T.);
#1612=FACE_BOUND('',#1480,.T.);
#1613=FACE_BOUND('',#1481,.T.);
#1614=FACE_BOUND('',#1482,.T.);
#1615=FACE_BOUND('',#1483,.T.);
#1616=FACE_BOUND('',#1484,.T.);
#1617=FACE_BOUND('',#1485,.T.);
#1618=FACE_BOUND('',#1486,.T.);
#1619=PLANE('',#1789);
#1620=PLANE('',#1799);
#1621=PLANE('',#1809);
#1622=PLANE('',#1810);
#1623=PLANE('',#1811);
#1624=PLANE('',#1816);
#1625=PLANE('',#1817);
#1626=PLANE('',#1818);
#1627=PLANE('',#1819);
#1628=PLANE('',#1820);
#1629=PLANE('',#1821);
#1630=PLANE('',#1822);
#1631=PLANE('',#1823);
#1632=PLANE('',#1824);
#1633=PLANE('',#1825);
#1634=PLANE('',#1826);
#1635=PLANE('',#1827);
#1636=PLANE('',#1828);
#1637=PLANE('',#1829);
#1638=PLANE('',#1830);
#1639=PLANE('',#1831);
#1640=PLANE('',#1832);
#1641=PLANE('',#1833);
#1642=PLANE('',#1834);
#1643=PLANE('',#1835);
#1644=PLANE('',#1836);
#1645=PLANE('',#1837);
#1646=PLANE('',#1838);
#1647=PLANE('',#1839);
#1648=PLANE('',#1840);
#1649=PLANE('',#1841);
#1650=PLANE('',#1842);
#1651=PLANE('',#1843);
#1652=PLANE('',#1844);
#1653=PLANE('',#1845);
#1654=PLANE('',#1846);
#1655=PLANE('',#1847);
#1656=PLANE('',#1848);
#1657=PLANE('',#1849);
#1658=PLANE('',#1850);
#1659=PLANE('',#1851);
#1660=PLANE('',#1852);
#1661=PLANE('',#1853);
#1662=PLANE('',#1854);
#1663=PLANE('',#1855);
#1664=PLANE('',#1856);
#1665=PLANE('',#1857);
#1666=PLANE('',#1858);
#1667=PLANE('',#1859);
#1668=PLANE('',#1860);
#1669=PLANE('',#1861);
#1670=PLANE('',#1862);
#1671=PLANE('',#1863);
#1672=PLANE('',#1864);
#1673=PLANE('',#1865);
#1674=PLANE('',#1866);
#1675=PLANE('',#1867);
#1676=PLANE('',#1868);
#1677=PLANE('',#1869);
#1678=PLANE('',#1870);
#1679=PLANE('',#1871);
#1680=PLANE('',#1872);
#1681=PLANE('',#1873);
#1682=PLANE('',#1874);
#1683=PLANE('',#1875);
#1684=PLANE('',#1876);
#1685=PLANE('',#1878);
#1686=PLANE('',#1879);
#1687=PLANE('',#1880);
#1688=PLANE('',#1881);
#1689=PLANE('',#1882);
#1690=PLANE('',#1883);
#1691=PLANE('',#1884);
#1692=PLANE('',#1885);
#1693=ADVANCED_FACE('',(#1487,#1488,#1489,#1490,#1491,#1492,#1493,#1494,
#1495,#1496,#1497,#1498,#1499,#1500,#1501,#1502,#1503,#1504,#1505,#1506,
#1507,#1508,#1509),#1619,.T.);
#1694=ADVANCED_FACE('',(#1510,#1511,#1512,#1513,#1514,#1515,#1516,#1517,
#1518,#1519,#1520,#1521,#1522,#1523,#1524,#1525,#1526,#1527,#1528,#1529,
#1530,#1531,#1532),#1620,.F.);
#1695=ADVANCED_FACE('',(#1533),#1621,.F.);
#1696=ADVANCED_FACE('',(#1534),#1622,.F.);
#1697=ADVANCED_FACE('',(#1535),#1623,.T.);
#1698=ADVANCED_FACE('',(#1536,#1537),#12,.F.);
#1699=ADVANCED_FACE('',(#1538,#1539),#13,.F.);
#1700=ADVANCED_FACE('',(#1540,#1541),#14,.F.);
#1701=ADVANCED_FACE('',(#1542,#1543),#15,.F.);
#1702=ADVANCED_FACE('',(#1544),#1624,.T.);
#1703=ADVANCED_FACE('',(#1545),#1625,.T.);
#1704=ADVANCED_FACE('',(#1546),#1626,.F.);
#1705=ADVANCED_FACE('',(#1547),#1627,.F.);
#1706=ADVANCED_FACE('',(#1548),#1628,.T.);
#1707=ADVANCED_FACE('',(#1549),#1629,.T.);
#1708=ADVANCED_FACE('',(#1550),#1630,.F.);
#1709=ADVANCED_FACE('',(#1551),#1631,.F.);
#1710=ADVANCED_FACE('',(#1552),#1632,.T.);
#1711=ADVANCED_FACE('',(#1553),#1633,.T.);
#1712=ADVANCED_FACE('',(#1554),#1634,.F.);
#1713=ADVANCED_FACE('',(#1555),#1635,.F.);
#1714=ADVANCED_FACE('',(#1556),#1636,.T.);
#1715=ADVANCED_FACE('',(#1557),#1637,.T.);
#1716=ADVANCED_FACE('',(#1558),#1638,.F.);
#1717=ADVANCED_FACE('',(#1559),#1639,.F.);
#1718=ADVANCED_FACE('',(#1560),#1640,.T.);
#1719=ADVANCED_FACE('',(#1561),#1641,.T.);
#1720=ADVANCED_FACE('',(#1562),#1642,.F.);
#1721=ADVANCED_FACE('',(#1563),#1643,.F.);
#1722=ADVANCED_FACE('',(#1564),#1644,.T.);
#1723=ADVANCED_FACE('',(#1565),#1645,.T.);
#1724=ADVANCED_FACE('',(#1566),#1646,.F.);
#1725=ADVANCED_FACE('',(#1567),#1647,.F.);
#1726=ADVANCED_FACE('',(#1568),#1648,.T.);
#1727=ADVANCED_FACE('',(#1569),#1649,.T.);
#1728=ADVANCED_FACE('',(#1570),#1650,.F.);
#1729=ADVANCED_FACE('',(#1571),#1651,.F.);
#1730=ADVANCED_FACE('',(#1572),#1652,.T.);
#1731=ADVANCED_FACE('',(#1573),#1653,.T.);
#1732=ADVANCED_FACE('',(#1574),#1654,.F.);
#1733=ADVANCED_FACE('',(#1575),#1655,.F.);
#1734=ADVANCED_FACE('',(#1576),#1656,.T.);
#1735=ADVANCED_FACE('',(#1577),#1657,.T.);
#1736=ADVANCED_FACE('',(#1578),#1658,.F.);
#1737=ADVANCED_FACE('',(#1579),#1659,.F.);
#1738=ADVANCED_FACE('',(#1580),#1660,.T.);
#1739=ADVANCED_FACE('',(#1581),#1661,.T.);
#1740=ADVANCED_FACE('',(#1582),#1662,.F.);
#1741=ADVANCED_FACE('',(#1583),#1663,.F.);
#1742=ADVANCED_FACE('',(#1584),#1664,.T.);
#1743=ADVANCED_FACE('',(#1585),#1665,.T.);
#1744=ADVANCED_FACE('',(#1586),#1666,.F.);
#1745=ADVANCED_FACE('',(#1587),#1667,.F.);
#1746=ADVANCED_FACE('',(#1588),#1668,.T.);
#1747=ADVANCED_FACE('',(#1589),#1669,.T.);
#1748=ADVANCED_FACE('',(#1590),#1670,.F.);
#1749=ADVANCED_FACE('',(#1591),#1671,.F.);
#1750=ADVANCED_FACE('',(#1592),#1672,.T.);
#1751=ADVANCED_FACE('',(#1593),#1673,.T.);
#1752=ADVANCED_FACE('',(#1594),#1674,.F.);
#1753=ADVANCED_FACE('',(#1595),#1675,.F.);
#1754=ADVANCED_FACE('',(#1596),#1676,.T.);
#1755=ADVANCED_FACE('',(#1597),#1677,.T.);
#1756=ADVANCED_FACE('',(#1598),#1678,.F.);
#1757=ADVANCED_FACE('',(#1599),#1679,.F.);
#1758=ADVANCED_FACE('',(#1600),#1680,.T.);
#1759=ADVANCED_FACE('',(#1601),#1681,.T.);
#1760=ADVANCED_FACE('',(#1602),#1682,.F.);
#1761=ADVANCED_FACE('',(#1603),#1683,.F.);
#1762=ADVANCED_FACE('',(#1604),#1684,.T.);
#1763=ADVANCED_FACE('',(#1605,#1606),#16,.F.);
#1764=ADVANCED_FACE('',(#1607),#1685,.T.);
#1765=ADVANCED_FACE('',(#1608),#1686,.F.);
#1766=ADVANCED_FACE('',(#1609),#1687,.F.);
#1767=ADVANCED_FACE('',(#1610),#1688,.T.);
#1768=ADVANCED_FACE('',(#1611),#1689,.T.);
#1769=ADVANCED_FACE('',(#1612),#1690,.F.);
#1770=ADVANCED_FACE('',(#1613),#1691,.F.);
#1771=ADVANCED_FACE('',(#1614),#1692,.T.);
#1772=ADVANCED_FACE('',(#1615),#17,.F.);
#1773=ADVANCED_FACE('',(#1616),#18,.F.);
#1774=ADVANCED_FACE('',(#1617),#19,.F.);
#1775=ADVANCED_FACE('',(#1618),#20,.F.);
#1776=CLOSED_SHELL('',(#1693,#1694,#1695,#1696,#1697,#1698,#1699,#1700,
#1701,#1702,#1703,#1704,#1705,#1706,#1707,#1708,#1709,#1710,#1711,#1712,
#1713,#1714,#1715,#1716,#1717,#1718,#1719,#1720,#1721,#1722,#1723,#1724,
#1725,#1726,#1727,#1728,#1729,#1730,#1731,#1732,#1733,#1734,#1735,#1736,
#1737,#1738,#1739,#1740,#1741,#1742,#1743,#1744,#1745,#1746,#1747,#1748,
#1749,#1750,#1751,#1752,#1753,#1754,#1755,#1756,#1757,#1758,#1759,#1760,
#1761,#1762,#1763,#1764,#1765,#1766,#1767,#1768,#1769,#1770,#1771,#1772,
#1773,#1774,#1775));
#1777=STYLED_ITEM('',(#1778),#1785);
#1778=PRESENTATION_STYLE_ASSIGNMENT((#1779));
#1779=SURFACE_STYLE_USAGE(.BOTH.,#1780);
#1780=SURFACE_SIDE_STYLE('',(#1781));
#1781=SURFACE_STYLE_FILL_AREA(#1782);
#1782=FILL_AREA_STYLE('',(#1783));
#1783=FILL_AREA_STYLE_COLOUR('',#1784);
#1784=COLOUR_RGB('',0.615686274509804,0.811764705882353,0.929411764705882);
#1785=MANIFOLD_SOLID_BREP('Part 1',#1776);
#1786=SHAPE_DEFINITION_REPRESENTATION(#2804,#1787);
#1787=SHAPE_REPRESENTATION('Part 1',(#1788),#2799);
#1788=AXIS2_PLACEMENT_3D('',#2314,#1890,#1891);
#1789=AXIS2_PLACEMENT_3D('',#2315,#1892,#1893);
#1790=AXIS2_PLACEMENT_3D('',#2452,#1962,#1963);
#1791=AXIS2_PLACEMENT_3D('',#2454,#1964,#1965);
#1792=AXIS2_PLACEMENT_3D('',#2456,#1966,#1967);
#1793=AXIS2_PLACEMENT_3D('',#2458,#1968,#1969);
#1794=AXIS2_PLACEMENT_3D('',#2460,#1970,#1971);
#1795=AXIS2_PLACEMENT_3D('',#2465,#1973,#1974);
#1796=AXIS2_PLACEMENT_3D('',#2469,#1976,#1977);
#1797=AXIS2_PLACEMENT_3D('',#2473,#1979,#1980);
#1798=AXIS2_PLACEMENT_3D('',#2477,#1982,#1983);
#1799=AXIS2_PLACEMENT_3D('',#2478,#1984,#1985);
#1800=AXIS2_PLACEMENT_3D('',#2487,#1990,#1991);
#1801=AXIS2_PLACEMENT_3D('',#2553,#2024,#2025);
#1802=AXIS2_PLACEMENT_3D('',#2555,#2026,#2027);
#1803=AXIS2_PLACEMENT_3D('',#2557,#2028,#2029);
#1804=AXIS2_PLACEMENT_3D('',#2559,#2030,#2031);
#1805=AXIS2_PLACEMENT_3D('',#2628,#2065,#2066);
#1806=AXIS2_PLACEMENT_3D('',#2632,#2068,#2069);
#1807=AXIS2_PLACEMENT_3D('',#2636,#2071,#2072);
#1808=AXIS2_PLACEMENT_3D('',#2640,#2074,#2075);
#1809=AXIS2_PLACEMENT_3D('',#2641,#2076,#2077);
#1810=AXIS2_PLACEMENT_3D('',#2644,#2080,#2081);
#1811=AXIS2_PLACEMENT_3D('',#2646,#2083,#2084);
#1812=AXIS2_PLACEMENT_3D('',#2648,#2086,#2087);
#1813=AXIS2_PLACEMENT_3D('',#2649,#2088,#2089);
#1814=AXIS2_PLACEMENT_3D('',#2650,#2090,#2091);
#1815=AXIS2_PLACEMENT_3D('',#2651,#2092,#2093);
#1816=AXIS2_PLACEMENT_3D('',#2652,#2094,#2095);
#1817=AXIS2_PLACEMENT_3D('',#2653,#2096,#2097);
#1818=AXIS2_PLACEMENT_3D('',#2656,#2100,#2101);
#1819=AXIS2_PLACEMENT_3D('',#2658,#2103,#2104);
#1820=AXIS2_PLACEMENT_3D('',#2660,#2106,#2107);
#1821=AXIS2_PLACEMENT_3D('',#2661,#2108,#2109);
#1822=AXIS2_PLACEMENT_3D('',#2664,#2112,#2113);
#1823=AXIS2_PLACEMENT_3D('',#2666,#2115,#2116);
#1824=AXIS2_PLACEMENT_3D('',#2668,#2118,#2119);
#1825=AXIS2_PLACEMENT_3D('',#2669,#2120,#2121);
#1826=AXIS2_PLACEMENT_3D('',#2672,#2124,#2125);
#1827=AXIS2_PLACEMENT_3D('',#2674,#2127,#2128);
#1828=AXIS2_PLACEMENT_3D('',#2676,#2130,#2131);
#1829=AXIS2_PLACEMENT_3D('',#2677,#2132,#2133);
#1830=AXIS2_PLACEMENT_3D('',#2680,#2136,#2137);
#1831=AXIS2_PLACEMENT_3D('',#2682,#2139,#2140);
#1832=AXIS2_PLACEMENT_3D('',#2684,#2142,#2143);
#1833=AXIS2_PLACEMENT_3D('',#2685,#2144,#2145);
#1834=AXIS2_PLACEMENT_3D('',#2688,#2148,#2149);
#1835=AXIS2_PLACEMENT_3D('',#2690,#2151,#2152);
#1836=AXIS2_PLACEMENT_3D('',#2692,#2154,#2155);
#1837=AXIS2_PLACEMENT_3D('',#2693,#2156,#2157);
#1838=AXIS2_PLACEMENT_3D('',#2696,#2160,#2161);
#1839=AXIS2_PLACEMENT_3D('',#2698,#2163,#2164);
#1840=AXIS2_PLACEMENT_3D('',#2700,#2166,#2167);
#1841=AXIS2_PLACEMENT_3D('',#2701,#2168,#2169);
#1842=AXIS2_PLACEMENT_3D('',#2704,#2172,#2173);
#1843=AXIS2_PLACEMENT_3D('',#2706,#2175,#2176);
#1844=AXIS2_PLACEMENT_3D('',#2708,#2178,#2179);
#1845=AXIS2_PLACEMENT_3D('',#2709,#2180,#2181);
#1846=AXIS2_PLACEMENT_3D('',#2712,#2184,#2185);
#1847=AXIS2_PLACEMENT_3D('',#2714,#2187,#2188);
#1848=AXIS2_PLACEMENT_3D('',#2716,#2190,#2191);
#1849=AXIS2_PLACEMENT_3D('',#2717,#2192,#2193);
#1850=AXIS2_PLACEMENT_3D('',#2720,#2196,#2197);
#1851=AXIS2_PLACEMENT_3D('',#2722,#2199,#2200);
#1852=AXIS2_PLACEMENT_3D('',#2724,#2202,#2203);
#1853=AXIS2_PLACEMENT_3D('',#2725,#2204,#2205);
#1854=AXIS2_PLACEMENT_3D('',#2728,#2208,#2209);
#1855=AXIS2_PLACEMENT_3D('',#2730,#2211,#2212);
#1856=AXIS2_PLACEMENT_3D('',#2732,#2214,#2215);
#1857=AXIS2_PLACEMENT_3D('',#2733,#2216,#2217);
#1858=AXIS2_PLACEMENT_3D('',#2736,#2220,#2221);
#1859=AXIS2_PLACEMENT_3D('',#2738,#2223,#2224);
#1860=AXIS2_PLACEMENT_3D('',#2740,#2226,#2227);
#1861=AXIS2_PLACEMENT_3D('',#2741,#2228,#2229);
#1862=AXIS2_PLACEMENT_3D('',#2744,#2232,#2233);
#1863=AXIS2_PLACEMENT_3D('',#2746,#2235,#2236);
#1864=AXIS2_PLACEMENT_3D('',#2748,#2238,#2239);
#1865=AXIS2_PLACEMENT_3D('',#2749,#2240,#2241);
#1866=AXIS2_PLACEMENT_3D('',#2752,#2244,#2245);
#1867=AXIS2_PLACEMENT_3D('',#2754,#2247,#2248);
#1868=AXIS2_PLACEMENT_3D('',#2756,#2250,#2251);
#1869=AXIS2_PLACEMENT_3D('',#2757,#2252,#2253);
#1870=AXIS2_PLACEMENT_3D('',#2760,#2256,#2257);
#1871=AXIS2_PLACEMENT_3D('',#2762,#2259,#2260);
#1872=AXIS2_PLACEMENT_3D('',#2764,#2262,#2263);
#1873=AXIS2_PLACEMENT_3D('',#2765,#2264,#2265);
#1874=AXIS2_PLACEMENT_3D('',#2768,#2268,#2269);
#1875=AXIS2_PLACEMENT_3D('',#2770,#2271,#2272);
#1876=AXIS2_PLACEMENT_3D('',#2772,#2274,#2275);
#1877=AXIS2_PLACEMENT_3D('',#2773,#2276,#2277);
#1878=AXIS2_PLACEMENT_3D('',#2774,#2278,#2279);
#1879=AXIS2_PLACEMENT_3D('',#2777,#2282,#2283);
#1880=AXIS2_PLACEMENT_3D('',#2779,#2285,#2286);
#1881=AXIS2_PLACEMENT_3D('',#2781,#2288,#2289);
#1882=AXIS2_PLACEMENT_3D('',#2782,#2290,#2291);
#1883=AXIS2_PLACEMENT_3D('',#2785,#2294,#2295);
#1884=AXIS2_PLACEMENT_3D('',#2788,#2298,#2299);
#1885=AXIS2_PLACEMENT_3D('',#2791,#2302,#2303);
#1886=AXIS2_PLACEMENT_3D('',#2794,#2306,#2307);
#1887=AXIS2_PLACEMENT_3D('',#2795,#2308,#2309);
#1888=AXIS2_PLACEMENT_3D('',#2796,#2310,#2311);
#1889=AXIS2_PLACEMENT_3D('',#2797,#2312,#2313);
#1890=DIRECTION('',(0.,0.,1.));
#1891=DIRECTION('',(1.,0.,0.));
#1892=DIRECTION('',(0.,0.,1.));
#1893=DIRECTION('',(1.,0.,0.));
#1894=DIRECTION('',(0.,1.,0.));
#1895=DIRECTION('',(-1.,0.,0.));
#1896=DIRECTION('',(0.,1.,0.));
#1897=DIRECTION('',(-1.,0.,0.));
#1898=DIRECTION('',(0.,1.,0.));
#1899=DIRECTION('',(-1.,0.,0.));
#1900=DIRECTION('',(0.,1.,0.));
#1901=DIRECTION('',(-1.,-1.57702134179709E-16,0.));
#1902=DIRECTION('',(0.,1.,0.));
#1903=DIRECTION('',(-1.,0.,0.));
#1904=DIRECTION('',(-1.85863229568943E-16,1.,0.));
#1905=DIRECTION('',(-1.,0.,0.));
#1906=DIRECTION('',(2.47817639425258E-16,1.,0.));
#1907=DIRECTION('',(-1.,1.5770213417971E-16,0.));
#1908=DIRECTION('',(0.,1.,0.));
#1909=DIRECTION('',(-1.,1.57702134179709E-16,0.));
#1910=DIRECTION('',(-2.47817639425258E-16,1.,0.));
#1911=DIRECTION('',(-1.,0.,0.));
#1912=DIRECTION('',(0.,1.,0.));
#1913=DIRECTION('',(-1.,0.,0.));
#1914=DIRECTION('',(0.,1.,0.));
#1915=DIRECTION('',(-1.,0.,0.));
#1916=DIRECTION('',(0.,1.,0.));
#1917=DIRECTION('',(-1.,0.,0.));
#1918=DIRECTION('',(0.,1.,0.));
#1919=DIRECTION('',(-1.,0.,0.));
#1920=DIRECTION('',(0.,1.,0.));
#1921=DIRECTION('',(-1.,0.,0.));
#1922=DIRECTION('',(0.,1.,0.));
#1923=DIRECTION('',(-1.,0.,0.));
#1924=DIRECTION('',(0.,1.,0.));
#1925=DIRECTION('',(-1.,0.,0.));
#1926=DIRECTION('',(2.47817639425258E-16,1.,0.));
#1927=DIRECTION('',(-1.,0.,0.));
#1928=DIRECTION('',(2.47817639425258E-16,1.,0.));
#1929=DIRECTION('',(-1.,0.,0.));
#1930=DIRECTION('',(0.,1.,0.));
#1931=DIRECTION('',(-1.,0.,0.));
#1932=DIRECTION('',(0.,1.,0.));
#1933=DIRECTION('',(-1.,0.,0.));
#1934=DIRECTION('',(0.,1.,0.));
#1935=DIRECTION('',(-1.,1.18276600634782E-16,0.));
#1936=DIRECTION('',(0.,1.,0.));
#1937=DIRECTION('',(-1.,0.,0.));
#1938=DIRECTION('',(0.,1.,0.));
#1939=DIRECTION('',(-1.,1.18276600634782E-16,0.));
#1940=DIRECTION('',(0.,1.,0.));
#1941=DIRECTION('',(-1.,0.,0.));
#1942=DIRECTION('',(0.,1.,0.));
#1943=DIRECTION('',(-1.,1.18276600634782E-16,0.));
#1944=DIRECTION('',(0.,1.,0.));
#1945=DIRECTION('',(-1.,0.,0.));
#1946=DIRECTION('',(0.,1.,0.));
#1947=DIRECTION('',(-1.,0.,0.));
#1948=DIRECTION('',(0.,1.,0.));
#1949=DIRECTION('',(-1.,0.,0.));
#1950=DIRECTION('',(3.42379633416475E-16,1.,0.));
#1951=DIRECTION('',(-1.,7.76162629072397E-17,0.));
#1952=DIRECTION('',(0.,1.,0.));
#1953=DIRECTION('',(-1.,0.,0.));
#1954=DIRECTION('',(0.,1.,0.));
#1955=DIRECTION('',(-1.,-1.55232525814479E-16,0.));
#1956=DIRECTION('',(0.,1.,0.));
#1957=DIRECTION('',(-1.,0.,0.));
#1958=DIRECTION('',(-1.8429997088731E-16,-1.,0.));
#1959=DIRECTION('',(1.,0.,0.));
#1960=DIRECTION('',(-1.8429997088731E-16,-1.,0.));
#1961=DIRECTION('',(1.,0.,0.));
#1962=DIRECTION('',(0.,0.,1.));
#1963=DIRECTION('',(1.,0.,0.));
#1964=DIRECTION('',(0.,0.,1.));
#1965=DIRECTION('',(1.,0.,0.));
#1966=DIRECTION('',(0.,0.,1.));
#1967=DIRECTION('',(1.,0.,0.));
#1968=DIRECTION('',(0.,0.,1.));
#1969=DIRECTION('',(1.,0.,0.));
#1970=DIRECTION('',(0.,0.,1.));
#1971=DIRECTION('',(1.,0.,0.));
#1972=DIRECTION('',(0.,1.,0.));
#1973=DIRECTION('',(0.,0.,1.));
#1974=DIRECTION('',(1.,0.,0.));
#1975=DIRECTION('',(-1.,-1.14920498925302E-16,0.));
#1976=DIRECTION('',(0.,0.,1.));
#1977=DIRECTION('',(1.,0.,0.));
#1978=DIRECTION('',(-1.79545395382774E-16,1.,0.));
#1979=DIRECTION('',(0.,0.,1.));
#1980=DIRECTION('',(1.,0.,0.));
#1981=DIRECTION('',(-1.,0.,0.));
#1982=DIRECTION('',(0.,0.,1.));
#1983=DIRECTION('',(1.,0.,0.));
#1984=DIRECTION('',(0.,0.,1.));
#1985=DIRECTION('',(1.,0.,0.));
#1986=DIRECTION('',(-1.,0.,0.));
#1987=DIRECTION('',(0.,1.,0.));
#1988=DIRECTION('',(-1.,0.,0.));
#1989=DIRECTION('',(0.,1.,0.));
#1990=DIRECTION('',(0.,0.,1.));
#1991=DIRECTION('',(1.,0.,0.));
#1992=DIRECTION('',(-1.,0.,0.));
#1993=DIRECTION('',(0.,1.,0.));
#1994=DIRECTION('',(-1.,0.,0.));
#1995=DIRECTION('',(-1.85863229568943E-16,1.,0.));
#1996=DIRECTION('',(-1.,0.,0.));
#1997=DIRECTION('',(-2.47817639425258E-16,1.,0.));
#1998=DIRECTION('',(-1.,0.,0.));
#1999=DIRECTION('',(0.,1.,0.));
#2000=DIRECTION('',(-1.,0.,0.));
#2001=DIRECTION('',(0.,1.,0.));
#2002=DIRECTION('',(-1.,0.,0.));
#2003=DIRECTION('',(0.,1.,0.));
#2004=DIRECTION('',(-1.,0.,0.));
#2005=DIRECTION('',(2.47817639425258E-16,1.,0.));
#2006=DIRECTION('',(-1.,0.,0.));
#2007=DIRECTION('',(2.47817639425258E-16,1.,0.));
#2008=DIRECTION('',(-1.,1.18276600634782E-16,0.));
#2009=DIRECTION('',(0.,1.,0.));
#2010=DIRECTION('',(-1.,0.,0.));
#2011=DIRECTION('',(0.,1.,0.));
#2012=DIRECTION('',(-1.,1.18276600634782E-16,0.));
#2013=DIRECTION('',(0.,1.,0.));
#2014=DIRECTION('',(-1.,0.,0.));
#2015=DIRECTION('',(0.,1.,0.));
#2016=DIRECTION('',(-1.,7.76162629072397E-17,0.));
#2017=DIRECTION('',(3.42379633416475E-16,1.,0.));
#2018=DIRECTION('',(-1.,0.,0.));
#2019=DIRECTION('',(0.,1.,0.));
#2020=DIRECTION('',(-1.8429997088731E-16,-1.,0.));
#2021=DIRECTION('',(1.,0.,0.));
#2022=DIRECTION('',(-1.8429997088731E-16,-1.,0.));
#2023=DIRECTION('',(1.,0.,0.));
#2024=DIRECTION('',(0.,0.,1.));
#2025=DIRECTION('',(1.,0.,0.));
#2026=DIRECTION('',(0.,0.,1.));
#2027=DIRECTION('',(1.,0.,0.));
#2028=DIRECTION('',(0.,0.,1.));
#2029=DIRECTION('',(1.,0.,0.));
#2030=DIRECTION('',(0.,0.,1.));
#2031=DIRECTION('',(1.,0.,0.));
#2032=DIRECTION('',(-1.,-1.55232525814479E-16,0.));
#2033=DIRECTION('',(0.,1.,0.));
#2034=DIRECTION('',(-1.,0.,0.));
#2035=DIRECTION('',(0.,1.,0.));
#2036=DIRECTION('',(-1.,0.,0.));
#2037=DIRECTION('',(0.,1.,0.));
#2038=DIRECTION('',(-1.,0.,0.));
#2039=DIRECTION('',(0.,1.,0.));
#2040=DIRECTION('',(-1.,1.18276600634782E-16,0.));
#2041=DIRECTION('',(0.,1.,0.));
#2042=DIRECTION('',(-1.,0.,0.));
#2043=DIRECTION('',(0.,1.,0.));
#2044=DIRECTION('',(-1.,0.,0.));
#2045=DIRECTION('',(0.,1.,0.));
#2046=DIRECTION('',(-1.,0.,0.));
#2047=DIRECTION('',(0.,1.,0.));
#2048=DIRECTION('',(-1.,0.,0.));
#2049=DIRECTION('',(0.,1.,0.));
#2050=DIRECTION('',(-1.,0.,0.));
#2051=DIRECTION('',(0.,1.,0.));
#2052=DIRECTION('',(-1.,0.,0.));
#2053=DIRECTION('',(0.,1.,0.));
#2054=DIRECTION('',(-1.,0.,0.));
#2055=DIRECTION('',(0.,1.,0.));
#2056=DIRECTION('',(-1.,1.5770213417971E-16,0.));
#2057=DIRECTION('',(2.47817639425258E-16,1.,0.));
#2058=DIRECTION('',(-1.,1.5770213417971E-16,0.));
#2059=DIRECTION('',(0.,1.,0.));
#2060=DIRECTION('',(-1.,0.,0.));
#2061=DIRECTION('',(0.,1.,0.));
#2062=DIRECTION('',(-1.,-1.57702134179709E-16,0.));
#2063=DIRECTION('',(0.,1.,0.));
#2064=DIRECTION('',(-1.,-1.14920498925302E-16,0.));
#2065=DIRECTION('',(0.,0.,1.));
#2066=DIRECTION('',(1.,0.,0.));
#2067=DIRECTION('',(0.,1.,0.));
#2068=DIRECTION('',(0.,0.,1.));
#2069=DIRECTION('',(1.,0.,0.));
#2070=DIRECTION('',(-1.,0.,0.));
#2071=DIRECTION('',(0.,0.,1.));
#2072=DIRECTION('',(1.,0.,0.));
#2073=DIRECTION('',(-1.79545395382774E-16,1.,0.));
#2074=DIRECTION('',(0.,0.,1.));
#2075=DIRECTION('',(1.,0.,0.));
#2076=DIRECTION('',(1.,-1.8429997088731E-16,0.));
#2077=DIRECTION('',(1.8429997088731E-16,1.,0.));
#2078=DIRECTION('',(0.,0.,-1.));
#2079=DIRECTION('',(0.,0.,-1.));
#2080=DIRECTION('',(0.,1.,0.));
#2081=DIRECTION('',(0.,0.,1.));
#2082=DIRECTION('',(0.,0.,-1.));
#2083=DIRECTION('',(1.,-1.8429997088731E-16,0.));
#2084=DIRECTION('',(1.8429997088731E-16,1.,0.));
#2085=DIRECTION('',(0.,0.,-1.));
#2086=DIRECTION('',(0.,0.,-1.));
#2087=DIRECTION('',(-1.,0.,0.));
#2088=DIRECTION('',(0.,0.,-1.));
#2089=DIRECTION('',(-1.,0.,0.));
#2090=DIRECTION('',(0.,0.,-1.));
#2091=DIRECTION('',(-1.,0.,0.));
#2092=DIRECTION('',(0.,0.,-1.));
#2093=DIRECTION('',(-1.,0.,0.));
#2094=DIRECTION('',(0.,1.,0.));
#2095=DIRECTION('',(0.,0.,1.));
#2096=DIRECTION('',(-1.55232525814479E-16,1.,0.));
#2097=DIRECTION('',(-1.,-1.55232525814479E-16,0.));
#2098=DIRECTION('',(0.,0.,1.));
#2099=DIRECTION('',(0.,0.,1.));
#2100=DIRECTION('',(1.,0.,0.));
#2101=DIRECTION('',(0.,0.,-1.));
#2102=DIRECTION('',(0.,0.,1.));
#2103=DIRECTION('',(0.,1.,0.));
#2104=DIRECTION('',(0.,0.,1.));
#2105=DIRECTION('',(0.,0.,1.));
#2106=DIRECTION('',(1.,0.,0.));
#2107=DIRECTION('',(0.,0.,-1.));
#2108=DIRECTION('',(7.76162629072397E-17,1.,0.));
#2109=DIRECTION('',(-1.,7.76162629072397E-17,0.));
#2110=DIRECTION('',(0.,0.,1.));
#2111=DIRECTION('',(0.,0.,1.));
#2112=DIRECTION('',(1.,-3.42379633416475E-16,0.));
#2113=DIRECTION('',(3.42379633416475E-16,1.,0.));
#2114=DIRECTION('',(0.,0.,1.));
#2115=DIRECTION('',(0.,1.,0.));
#2116=DIRECTION('',(0.,0.,1.));
#2117=DIRECTION('',(0.,0.,1.));
#2118=DIRECTION('',(1.,0.,0.));
#2119=DIRECTION('',(0.,0.,-1.));
#2120=DIRECTION('',(0.,1.,0.));
#2121=DIRECTION('',(0.,0.,1.));
#2122=DIRECTION('',(0.,0.,1.));
#2123=DIRECTION('',(0.,0.,1.));
#2124=DIRECTION('',(1.,0.,0.));
#2125=DIRECTION('',(0.,0.,-1.));
#2126=DIRECTION('',(0.,0.,1.));
#2127=DIRECTION('',(0.,1.,0.));
#2128=DIRECTION('',(0.,0.,1.));
#2129=DIRECTION('',(0.,0.,1.));
#2130=DIRECTION('',(1.,0.,0.));
#2131=DIRECTION('',(0.,0.,-1.));
#2132=DIRECTION('',(1.18276600634782E-16,1.,0.));
#2133=DIRECTION('',(-1.,1.18276600634782E-16,0.));
#2134=DIRECTION('',(0.,0.,1.));
#2135=DIRECTION('',(0.,0.,1.));
#2136=DIRECTION('',(1.,0.,0.));
#2137=DIRECTION('',(0.,0.,-1.));
#2138=DIRECTION('',(0.,0.,1.));
#2139=DIRECTION('',(0.,1.,0.));
#2140=DIRECTION('',(0.,0.,1.));
#2141=DIRECTION('',(0.,0.,1.));
#2142=DIRECTION('',(1.,0.,0.));
#2143=DIRECTION('',(0.,0.,-1.));
#2144=DIRECTION('',(1.18276600634782E-16,1.,0.));
#2145=DIRECTION('',(-1.,1.18276600634782E-16,0.));
#2146=DIRECTION('',(0.,0.,1.));
#2147=DIRECTION('',(0.,0.,1.));
#2148=DIRECTION('',(1.,0.,0.));
#2149=DIRECTION('',(0.,0.,-1.));
#2150=DIRECTION('',(0.,0.,1.));
#2151=DIRECTION('',(0.,1.,0.));
#2152=DIRECTION('',(0.,0.,1.));
#2153=DIRECTION('',(0.,0.,1.));
#2154=DIRECTION('',(1.,0.,0.));
#2155=DIRECTION('',(0.,0.,-1.));
#2156=DIRECTION('',(1.18276600634782E-16,1.,0.));
#2157=DIRECTION('',(-1.,1.18276600634782E-16,0.));
#2158=DIRECTION('',(0.,0.,1.));
#2159=DIRECTION('',(0.,0.,1.));
#2160=DIRECTION('',(1.,0.,0.));
#2161=DIRECTION('',(0.,0.,-1.));
#2162=DIRECTION('',(0.,0.,1.));
#2163=DIRECTION('',(0.,1.,0.));
#2164=DIRECTION('',(0.,0.,1.));
#2165=DIRECTION('',(0.,0.,1.));
#2166=DIRECTION('',(1.,0.,0.));
#2167=DIRECTION('',(0.,0.,-1.));
#2168=DIRECTION('',(0.,1.,0.));
#2169=DIRECTION('',(0.,0.,1.));
#2170=DIRECTION('',(0.,0.,1.));
#2171=DIRECTION('',(0.,0.,1.));
#2172=DIRECTION('',(1.,0.,0.));
#2173=DIRECTION('',(0.,0.,-1.));
#2174=DIRECTION('',(0.,0.,1.));
#2175=DIRECTION('',(0.,1.,0.));
#2176=DIRECTION('',(0.,0.,1.));
#2177=DIRECTION('',(0.,0.,1.));
#2178=DIRECTION('',(1.,0.,0.));
#2179=DIRECTION('',(0.,0.,-1.));
#2180=DIRECTION('',(0.,1.,0.));
#2181=DIRECTION('',(0.,0.,1.));
#2182=DIRECTION('',(0.,0.,1.));
#2183=DIRECTION('',(0.,0.,1.));
#2184=DIRECTION('',(1.,-2.47817639425258E-16,0.));
#2185=DIRECTION('',(2.47817639425258E-16,1.,0.));
#2186=DIRECTION('',(0.,0.,1.));
#2187=DIRECTION('',(0.,1.,0.));
#2188=DIRECTION('',(0.,0.,1.));
#2189=DIRECTION('',(0.,0.,1.));
#2190=DIRECTION('',(1.,-2.47817639425258E-16,0.));
#2191=DIRECTION('',(2.47817639425258E-16,1.,0.));
#2192=DIRECTION('',(0.,1.,0.));
#2193=DIRECTION('',(0.,0.,1.));
#2194=DIRECTION('',(0.,0.,1.));
#2195=DIRECTION('',(0.,0.,1.));
#2196=DIRECTION('',(1.,0.,0.));
#2197=DIRECTION('',(0.,0.,-1.));
#2198=DIRECTION('',(0.,0.,1.));
#2199=DIRECTION('',(0.,1.,0.));
#2200=DIRECTION('',(0.,0.,1.));
#2201=DIRECTION('',(0.,0.,1.));
#2202=DIRECTION('',(1.,0.,0.));
#2203=DIRECTION('',(0.,0.,-1.));
#2204=DIRECTION('',(0.,1.,0.));
#2205=DIRECTION('',(0.,0.,1.));
#2206=DIRECTION('',(0.,0.,1.));
#2207=DIRECTION('',(0.,0.,1.));
#2208=DIRECTION('',(1.,0.,0.));
#2209=DIRECTION('',(0.,0.,-1.));
#2210=DIRECTION('',(0.,0.,1.));
#2211=DIRECTION('',(0.,1.,0.));
#2212=DIRECTION('',(0.,0.,1.));
#2213=DIRECTION('',(0.,0.,1.));
#2214=DIRECTION('',(1.,0.,0.));
#2215=DIRECTION('',(0.,0.,-1.));
#2216=DIRECTION('',(0.,1.,0.));
#2217=DIRECTION('',(0.,0.,1.));
#2218=DIRECTION('',(0.,0.,1.));
#2219=DIRECTION('',(0.,0.,1.));
#2220=DIRECTION('',(1.,0.,0.));
#2221=DIRECTION('',(0.,0.,-1.));
#2222=DIRECTION('',(0.,0.,1.));
#2223=DIRECTION('',(0.,1.,0.));
#2224=DIRECTION('',(0.,0.,1.));
#2225=DIRECTION('',(0.,0.,1.));
#2226=DIRECTION('',(1.,0.,0.));
#2227=DIRECTION('',(0.,0.,-1.));
#2228=DIRECTION('',(0.,1.,0.));
#2229=DIRECTION('',(0.,0.,1.));
#2230=DIRECTION('',(0.,0.,1.));
#2231=DIRECTION('',(0.,0.,1.));
#2232=DIRECTION('',(1.,2.47817639425258E-16,0.));
#2233=DIRECTION('',(-2.47817639425258E-16,1.,0.));
#2234=DIRECTION('',(0.,0.,1.));
#2235=DIRECTION('',(0.,1.,0.));
#2236=DIRECTION('',(0.,0.,1.));
#2237=DIRECTION('',(0.,0.,1.));
#2238=DIRECTION('',(1.,0.,0.));
#2239=DIRECTION('',(0.,0.,-1.));
#2240=DIRECTION('',(1.5770213417971E-16,1.,0.));
#2241=DIRECTION('',(-1.,1.5770213417971E-16,0.));
#2242=DIRECTION('',(0.,0.,1.));
#2243=DIRECTION('',(0.,0.,1.));
#2244=DIRECTION('',(1.,-2.47817639425258E-16,0.));
#2245=DIRECTION('',(2.47817639425258E-16,1.,0.));
#2246=DIRECTION('',(0.,0.,1.));
#2247=DIRECTION('',(1.5770213417971E-16,1.,0.));
#2248=DIRECTION('',(-1.,1.5770213417971E-16,0.));
#2249=DIRECTION('',(0.,0.,1.));
#2250=DIRECTION('',(1.,0.,0.));
#2251=DIRECTION('',(0.,0.,-1.));
#2252=DIRECTION('',(0.,1.,0.));
#2253=DIRECTION('',(0.,0.,1.));
#2254=DIRECTION('',(0.,0.,1.));
#2255=DIRECTION('',(0.,0.,1.));
#2256=DIRECTION('',(1.,0.,0.));
#2257=DIRECTION('',(0.,0.,-1.));
#2258=DIRECTION('',(0.,0.,1.));
#2259=DIRECTION('',(0.,1.,0.));
#2260=DIRECTION('',(0.,0.,1.));
#2261=DIRECTION('',(0.,0.,1.));
#2262=DIRECTION('',(1.,1.85863229568943E-16,0.));
#2263=DIRECTION('',(-1.85863229568943E-16,1.,0.));
#2264=DIRECTION('',(0.,1.,0.));
#2265=DIRECTION('',(0.,0.,1.));
#2266=DIRECTION('',(0.,0.,1.));
#2267=DIRECTION('',(0.,0.,1.));
#2268=DIRECTION('',(1.,0.,0.));
#2269=DIRECTION('',(0.,0.,-1.));
#2270=DIRECTION('',(0.,0.,1.));
#2271=DIRECTION('',(-1.57702134179709E-16,1.,0.));
#2272=DIRECTION('',(-1.,-1.57702134179709E-16,0.));
#2273=DIRECTION('',(0.,0.,1.));
#2274=DIRECTION('',(1.,0.,0.));
#2275=DIRECTION('',(0.,0.,-1.));
#2276=DIRECTION('',(0.,0.,1.));
#2277=DIRECTION('',(1.,0.,0.));
#2278=DIRECTION('',(0.,1.,0.));
#2279=DIRECTION('',(0.,0.,1.));
#2280=DIRECTION('',(0.,0.,1.));
#2281=DIRECTION('',(0.,0.,1.));
#2282=DIRECTION('',(1.,0.,0.));
#2283=DIRECTION('',(0.,0.,-1.));
#2284=DIRECTION('',(0.,0.,1.));
#2285=DIRECTION('',(0.,1.,0.));
#2286=DIRECTION('',(0.,0.,1.));
#2287=DIRECTION('',(0.,0.,1.));
#2288=DIRECTION('',(1.,0.,0.));
#2289=DIRECTION('',(0.,0.,-1.));
#2290=DIRECTION('',(-1.14920498925302E-16,1.,0.));
#2291=DIRECTION('',(-1.,-1.14920498925302E-16,0.));
#2292=DIRECTION('',(0.,0.,1.));
#2293=DIRECTION('',(0.,0.,1.));
#2294=DIRECTION('',(1.,0.,0.));
#2295=DIRECTION('',(0.,0.,-1.));
#2296=DIRECTION('',(0.,0.,1.));
#2297=DIRECTION('',(0.,0.,1.));
#2298=DIRECTION('',(0.,1.,0.));
#2299=DIRECTION('',(0.,0.,1.));
#2300=DIRECTION('',(0.,0.,1.));
#2301=DIRECTION('',(0.,0.,1.));
#2302=DIRECTION('',(1.,1.79545395382774E-16,0.));
#2303=DIRECTION('',(-1.79545395382774E-16,1.,0.));
#2304=DIRECTION('',(0.,0.,1.));
#2305=DIRECTION('',(0.,0.,1.));
#2306=DIRECTION('',(0.,0.,1.));
#2307=DIRECTION('',(1.,0.,0.));
#2308=DIRECTION('',(0.,0.,-1.));
#2309=DIRECTION('',(-1.,0.,0.));
#2310=DIRECTION('',(0.,0.,1.));
#2311=DIRECTION('',(1.,0.,0.));
#2312=DIRECTION('',(0.,0.,-1.));
#2313=DIRECTION('',(-1.,0.,0.));
#2314=CARTESIAN_POINT('',(0.,0.,0.));
#2315=CARTESIAN_POINT('',(0.,6.93889390390723E-18,0.003));
#2316=CARTESIAN_POINT('',(-0.024032,-0.01018,0.003));
#2317=CARTESIAN_POINT('',(-0.024032,-0.01368,0.003));
#2318=CARTESIAN_POINT('',(-0.024032,-0.00668,0.003));
#2319=CARTESIAN_POINT('',(-0.029532,-0.01368,0.003));
#2320=CARTESIAN_POINT('',(-0.035032,-0.01368,0.003));
#2321=CARTESIAN_POINT('',(-0.035032,-0.01018,0.003));
#2322=CARTESIAN_POINT('',(-0.035032,-0.00668,0.003));
#2323=CARTESIAN_POINT('',(-0.029532,-0.00668,0.003));
#2324=CARTESIAN_POINT('',(-0.056032,-0.01018,0.003));
#2325=CARTESIAN_POINT('',(-0.056032,-0.01368,0.003));
#2326=CARTESIAN_POINT('',(-0.056032,-0.00668,0.003));
#2327=CARTESIAN_POINT('',(-0.061532,-0.01368,0.003));
#2328=CARTESIAN_POINT('',(-0.067032,-0.01368,0.003));
#2329=CARTESIAN_POINT('',(-0.067032,-0.01018,0.003));
#2330=CARTESIAN_POINT('',(-0.067032,-0.00668,0.003));
#2331=CARTESIAN_POINT('',(-0.061532,-0.00668,0.003));
#2332=CARTESIAN_POINT('',(0.007968,-0.02618,0.003));
#2333=CARTESIAN_POINT('',(0.007968,-0.02968,0.003));
#2334=CARTESIAN_POINT('',(0.007968,-0.02268,0.003));
#2335=CARTESIAN_POINT('',(0.002468,-0.02968,0.003));
#2336=CARTESIAN_POINT('',(-0.003032,-0.02968,0.003));
#2337=CARTESIAN_POINT('',(-0.003032,-0.02618,0.003));
#2338=CARTESIAN_POINT('',(-0.003032,-0.02268,0.003));
#2339=CARTESIAN_POINT('',(0.002468,-0.02268,0.003));
#2340=CARTESIAN_POINT('',(-0.008032,-0.01018,0.003));
#2341=CARTESIAN_POINT('',(-0.008032,-0.01368,0.003));
#2342=CARTESIAN_POINT('',(-0.008032,-0.00668,0.003));
#2343=CARTESIAN_POINT('',(-0.013532,-0.01368,0.003));
#2344=CARTESIAN_POINT('',(-0.019032,-0.01368,0.003));
#2345=CARTESIAN_POINT('',(-0.019032,-0.01018,0.003));
#2346=CARTESIAN_POINT('',(-0.019032,-0.00668,0.003));
#2347=CARTESIAN_POINT('',(-0.013532,-0.00668,0.003));
#2348=CARTESIAN_POINT('',(-0.008032,-0.02618,0.003));
#2349=CARTESIAN_POINT('',(-0.008032,-0.02968,0.003));
#2350=CARTESIAN_POINT('',(-0.008032,-0.02268,0.003));
#2351=CARTESIAN_POINT('',(-0.013532,-0.02968,0.003));
#2352=CARTESIAN_POINT('',(-0.019032,-0.02968,0.003));
#2353=CARTESIAN_POINT('',(-0.019032,-0.02618,0.003));
#2354=CARTESIAN_POINT('',(-0.019032,-0.02268,0.003));
#2355=CARTESIAN_POINT('',(-0.013532,-0.02268,0.003));
#2356=CARTESIAN_POINT('',(-0.024032,-0.02618,0.003));
#2357=CARTESIAN_POINT('',(-0.024032,-0.02968,0.003));
#2358=CARTESIAN_POINT('',(-0.024032,-0.02268,0.003));
#2359=CARTESIAN_POINT('',(-0.029532,-0.02968,0.003));
#2360=CARTESIAN_POINT('',(-0.035032,-0.02968,0.003));
#2361=CARTESIAN_POINT('',(-0.035032,-0.02618,0.003));
#2362=CARTESIAN_POINT('',(-0.035032,-0.02268,0.003));
#2363=CARTESIAN_POINT('',(-0.029532,-0.02268,0.003));
#2364=CARTESIAN_POINT('',(-0.040032,-0.02618,0.003));
#2365=CARTESIAN_POINT('',(-0.040032,-0.02968,0.003));
#2366=CARTESIAN_POINT('',(-0.040032,-0.02268,0.003));
#2367=CARTESIAN_POINT('',(-0.045532,-0.02968,0.003));
#2368=CARTESIAN_POINT('',(-0.051032,-0.02968,0.003));
#2369=CARTESIAN_POINT('',(-0.051032,-0.02618,0.003));
#2370=CARTESIAN_POINT('',(-0.051032,-0.02268,0.003));
#2371=CARTESIAN_POINT('',(-0.045532,-0.02268,0.003));
#2372=CARTESIAN_POINT('',(0.023968,-0.02618,0.003));
#2373=CARTESIAN_POINT('',(0.023968,-0.02968,0.003));
#2374=CARTESIAN_POINT('',(0.023968,-0.02268,0.003));
#2375=CARTESIAN_POINT('',(0.018468,-0.02968,0.003));
#2376=CARTESIAN_POINT('',(0.012968,-0.02968,0.003));
#2377=CARTESIAN_POINT('',(0.012968,-0.02618,0.003));
#2378=CARTESIAN_POINT('',(0.012968,-0.02268,0.003));
#2379=CARTESIAN_POINT('',(0.018468,-0.02268,0.003));
#2380=CARTESIAN_POINT('',(0.0054995,0.02765,0.003));
#2381=CARTESIAN_POINT('',(0.0054995,0.02415,0.003));
#2382=CARTESIAN_POINT('',(0.0054995,0.03115,0.003));
#2383=CARTESIAN_POINT('',(-5.00000000001367E-7,0.02415,0.003));
#2384=CARTESIAN_POINT('',(-0.0055005,0.02415,0.003));
#2385=CARTESIAN_POINT('',(-0.0055005,0.02765,0.003));
#2386=CARTESIAN_POINT('',(-0.0055005,0.03115,0.003));
#2387=CARTESIAN_POINT('',(-4.99999999999633E-7,0.03115,0.003));
#2388=CARTESIAN_POINT('',(-0.056032,-0.02618,0.003));
#2389=CARTESIAN_POINT('',(-0.056032,-0.02968,0.003));
#2390=CARTESIAN_POINT('',(-0.056032,-0.02268,0.003));
#2391=CARTESIAN_POINT('',(-0.061532,-0.02968,0.003));
#2392=CARTESIAN_POINT('',(-0.067032,-0.02968,0.003));
#2393=CARTESIAN_POINT('',(-0.067032,-0.02618,0.003));
#2394=CARTESIAN_POINT('',(-0.067032,-0.02268,0.003));
#2395=CARTESIAN_POINT('',(-0.061532,-0.02268,0.003));
#2396=CARTESIAN_POINT('',(-0.056032,0.00582,0.003));
#2397=CARTESIAN_POINT('',(-0.056032,0.00232,0.003));
#2398=CARTESIAN_POINT('',(-0.056032,0.00932,0.003));
#2399=CARTESIAN_POINT('',(-0.061532,0.00232,0.003));
#2400=CARTESIAN_POINT('',(-0.067032,0.00232,0.003));
#2401=CARTESIAN_POINT('',(-0.067032,0.00582,0.003));
#2402=CARTESIAN_POINT('',(-0.067032,0.00932,0.003));
#2403=CARTESIAN_POINT('',(-0.061532,0.00932,0.003));
#2404=CARTESIAN_POINT('',(-0.040032,0.00582,0.003));
#2405=CARTESIAN_POINT('',(-0.040032,0.00232,0.003));
#2406=CARTESIAN_POINT('',(-0.040032,0.00932,0.003));
#2407=CARTESIAN_POINT('',(-0.045532,0.00232,0.003));
#2408=CARTESIAN_POINT('',(-0.051032,0.00232,0.003));
#2409=CARTESIAN_POINT('',(-0.051032,0.00582,0.003));
#2410=CARTESIAN_POINT('',(-0.051032,0.00932,0.003));
#2411=CARTESIAN_POINT('',(-0.045532,0.00932,0.003));
#2412=CARTESIAN_POINT('',(-0.024032,0.00582,0.003));
#2413=CARTESIAN_POINT('',(-0.024032,0.00232,0.003));
#2414=CARTESIAN_POINT('',(-0.024032,0.00932,0.003));
#2415=CARTESIAN_POINT('',(-0.029532,0.00232,0.003));
#2416=CARTESIAN_POINT('',(-0.035032,0.00232,0.003));
#2417=CARTESIAN_POINT('',(-0.035032,0.00582,0.003));
#2418=CARTESIAN_POINT('',(-0.035032,0.00932,0.003));
#2419=CARTESIAN_POINT('',(-0.029532,0.00932,0.003));
#2420=CARTESIAN_POINT('',(0.061578,-0.02668,0.003));
#2421=CARTESIAN_POINT('',(0.061578,-0.03368,0.003));
#2422=CARTESIAN_POINT('',(0.061578,-0.01968,0.003));
#2423=CARTESIAN_POINT('',(0.057078,-0.03368,0.003));
#2424=CARTESIAN_POINT('',(0.052578,-0.03368,0.003));
#2425=CARTESIAN_POINT('',(0.052578,-0.02668,0.003));
#2426=CARTESIAN_POINT('',(0.052578,-0.01968,0.003));
#2427=CARTESIAN_POINT('',(0.057078,-0.01968,0.003));
#2428=CARTESIAN_POINT('',(-0.014068,0.02765,0.003));
#2429=CARTESIAN_POINT('',(-0.014068,0.02005,0.003));
#2430=CARTESIAN_POINT('',(-0.014068,0.03525,0.003));
#2431=CARTESIAN_POINT('',(-0.036418,0.02005,0.003));
#2432=CARTESIAN_POINT('',(-0.058768,0.02005,0.003));
#2433=CARTESIAN_POINT('',(-0.058768,0.02765,0.003));
#2434=CARTESIAN_POINT('',(-0.058768,0.03525,0.003));
#2435=CARTESIAN_POINT('',(-0.036418,0.03525,0.003));
#2436=CARTESIAN_POINT('',(0.058767,0.02765,0.003));
#2437=CARTESIAN_POINT('',(0.058767,0.02005,0.003));
#2438=CARTESIAN_POINT('',(0.058767,0.03525,0.003));
#2439=CARTESIAN_POINT('',(0.036417,0.02005,0.003));
#2440=CARTESIAN_POINT('',(0.014067,0.02005,0.003));
#2441=CARTESIAN_POINT('',(0.014067,0.02765,0.003));
#2442=CARTESIAN_POINT('',(0.014067,0.03525,0.003));
#2443=CARTESIAN_POINT('',(0.036417,0.03525,0.003));
#2444=CARTESIAN_POINT('',(-0.077835,0.,0.003));
#2445=CARTESIAN_POINT('',(-0.077835,0.04765,0.003));
#2446=CARTESIAN_POINT('',(-0.077835,-0.04765,0.003));
#2447=CARTESIAN_POINT('',(0.,-0.04765,0.003));
#2448=CARTESIAN_POINT('',(0.077835,-0.04765,0.003));
#2449=CARTESIAN_POINT('',(0.077835,1.38777878078145E-17,0.003));
#2450=CARTESIAN_POINT('',(0.077835,0.04765,0.003));
#2451=CARTESIAN_POINT('',(0.,0.04765,0.003));
#2452=CARTESIAN_POINT('',(-0.067835,0.03765,0.003));
#2453=CARTESIAN_POINT('',(-0.066135,0.03765,0.003));
#2454=CARTESIAN_POINT('',(0.067835,0.03765,0.003));
#2455=CARTESIAN_POINT('',(0.069535,0.03765,0.003));
#2456=CARTESIAN_POINT('',(0.067835,-0.03765,0.003));
#2457=CARTESIAN_POINT('',(0.069535,-0.03765,0.003));
#2458=CARTESIAN_POINT('',(-0.067835,-0.03765,0.003));
#2459=CARTESIAN_POINT('',(-0.066135,-0.03765,0.003));
#2460=CARTESIAN_POINT('',(-0.045532,-0.01018,0.003));
#2461=CARTESIAN_POINT('',(-0.044032,-0.01018,0.003));
#2462=CARTESIAN_POINT('',(0.0617601874542149,0.000867306820362693,0.003));
#2463=CARTESIAN_POINT('',(0.0617601874542149,-0.00698715590547226,0.003));
#2464=CARTESIAN_POINT('',(0.0617601874542149,0.00872176954619764,0.003));
#2465=CARTESIAN_POINT('',(0.053310439985909,-0.00698715590547226,0.003));
#2466=CARTESIAN_POINT('',(0.053310439985909,-0.0154369033737781,0.003));
#2467=CARTESIAN_POINT('',(0.0315702127812999,-0.0154369033737781,0.003));
#2468=CARTESIAN_POINT('',(0.00982998557669067,-0.0154369033737781,0.003));
#2469=CARTESIAN_POINT('',(0.00982998557669067,-0.00698715590547226,0.003));
#2470=CARTESIAN_POINT('',(0.00138023810838484,-0.00698715590547227,0.003));
#2471=CARTESIAN_POINT('',(0.00138023810838484,0.000867306820362689,0.003));
#2472=CARTESIAN_POINT('',(0.00138023810838484,0.00872176954619764,0.003));
#2473=CARTESIAN_POINT('',(0.00982998557669067,0.00872176954619764,0.003));
#2474=CARTESIAN_POINT('',(0.00982998557669067,0.0171715170145035,0.003));
#2475=CARTESIAN_POINT('',(0.0315702127812999,0.0171715170145035,0.003));
#2476=CARTESIAN_POINT('',(0.053310439985909,0.0171715170145035,0.003));
#2477=CARTESIAN_POINT('',(0.053310439985909,0.00872176954619764,0.003));
#2478=CARTESIAN_POINT('',(0.,6.93889390390723E-18,0.));
#2479=CARTESIAN_POINT('',(0.,-0.01368,0.));
#2480=CARTESIAN_POINT('',(-0.024032,-0.01368,0.));
#2481=CARTESIAN_POINT('',(-0.035032,-0.01368,0.));
#2482=CARTESIAN_POINT('',(-0.024032,6.93889390390723E-18,0.));
#2483=CARTESIAN_POINT('',(-0.024032,-0.00668,0.));
#2484=CARTESIAN_POINT('',(0.,-0.00668,0.));
#2485=CARTESIAN_POINT('',(-0.035032,-0.00668,0.));
#2486=CARTESIAN_POINT('',(-0.035032,6.93889390390723E-18,0.));
#2487=CARTESIAN_POINT('',(-0.045532,-0.01018,0.));
#2488=CARTESIAN_POINT('',(-0.044032,-0.01018,0.));
#2489=CARTESIAN_POINT('',(0.,-0.02968,0.));
#2490=CARTESIAN_POINT('',(0.007968,-0.02968,0.));
#2491=CARTESIAN_POINT('',(-0.003032,-0.02968,0.));
#2492=CARTESIAN_POINT('',(0.007968,6.93889390390723E-18,0.));
#2493=CARTESIAN_POINT('',(0.007968,-0.02268,0.));
#2494=CARTESIAN_POINT('',(0.,-0.02268,0.));
#2495=CARTESIAN_POINT('',(-0.003032,-0.02268,0.));
#2496=CARTESIAN_POINT('',(-0.003032,6.37535659185419E-18,0.));
#2497=CARTESIAN_POINT('',(0.,-0.02968,0.));
#2498=CARTESIAN_POINT('',(-0.008032,-0.02968,0.));
#2499=CARTESIAN_POINT('',(-0.019032,-0.02968,0.));
#2500=CARTESIAN_POINT('',(-0.008032,4.94842262404356E-18,0.));
#2501=CARTESIAN_POINT('',(-0.008032,-0.02268,0.));
#2502=CARTESIAN_POINT('',(0.,-0.02268,0.));
#2503=CARTESIAN_POINT('',(-0.019032,-0.02268,0.));
#2504=CARTESIAN_POINT('',(-0.019032,6.93889390390723E-18,0.));
#2505=CARTESIAN_POINT('',(0.,-0.02968,0.));
#2506=CARTESIAN_POINT('',(-0.040032,-0.02968,0.));
#2507=CARTESIAN_POINT('',(-0.051032,-0.02968,0.));
#2508=CARTESIAN_POINT('',(-0.040032,6.93889390390723E-18,0.));
#2509=CARTESIAN_POINT('',(-0.040032,-0.02268,0.));
#2510=CARTESIAN_POINT('',(0.,-0.02268,0.));
#2511=CARTESIAN_POINT('',(-0.051032,-0.02268,0.));
#2512=CARTESIAN_POINT('',(-0.051032,6.93889390390723E-18,0.));
#2513=CARTESIAN_POINT('',(0.,0.02415,0.));
#2514=CARTESIAN_POINT('',(0.0054995,0.02415,0.));
#2515=CARTESIAN_POINT('',(-0.0055005,0.02415,0.));
#2516=CARTESIAN_POINT('',(0.0054995,5.57602079588802E-18,0.));
#2517=CARTESIAN_POINT('',(0.0054995,0.03115,0.));
#2518=CARTESIAN_POINT('',(0.,0.03115,0.));
#2519=CARTESIAN_POINT('',(-0.0055005,0.03115,0.));
#2520=CARTESIAN_POINT('',(-0.0055005,8.30201482956586E-18,0.));
#2521=CARTESIAN_POINT('',(2.74401713472692E-19,0.00232,0.));
#2522=CARTESIAN_POINT('',(-0.056032,0.00232,0.));
#2523=CARTESIAN_POINT('',(-0.067032,0.00232,0.));
#2524=CARTESIAN_POINT('',(-0.056032,6.93889390390723E-18,0.));
#2525=CARTESIAN_POINT('',(-0.056032,0.00932,0.));
#2526=CARTESIAN_POINT('',(0.,0.00932,0.));
#2527=CARTESIAN_POINT('',(-0.067032,0.00932,0.));
#2528=CARTESIAN_POINT('',(-0.067032,6.93889390390723E-18,0.));
#2529=CARTESIAN_POINT('',(2.74401713472694E-19,0.00232,0.));
#2530=CARTESIAN_POINT('',(-0.024032,0.00232,0.));
#2531=CARTESIAN_POINT('',(-0.035032,0.00232,0.));
#2532=CARTESIAN_POINT('',(-0.024032,6.93889390390723E-18,0.));
#2533=CARTESIAN_POINT('',(-0.024032,0.00932,0.));
#2534=CARTESIAN_POINT('',(0.,0.00932,0.));
#2535=CARTESIAN_POINT('',(-0.035032,0.00932,0.));
#2536=CARTESIAN_POINT('',(-0.035032,6.93889390390723E-18,0.));
#2537=CARTESIAN_POINT('',(1.55620607129016E-18,0.02005,0.));
#2538=CARTESIAN_POINT('',(-0.014068,0.02005,0.));
#2539=CARTESIAN_POINT('',(-0.058768,0.02005,0.));
#2540=CARTESIAN_POINT('',(-0.014068,1.17554905868102E-17,0.));
#2541=CARTESIAN_POINT('',(-0.014068,0.03525,0.));
#2542=CARTESIAN_POINT('',(0.,0.03525,0.));
#2543=CARTESIAN_POINT('',(-0.058768,0.03525,0.));
#2544=CARTESIAN_POINT('',(-0.058768,6.93889390390723E-18,0.));
#2545=CARTESIAN_POINT('',(-0.077835,0.,0.));
#2546=CARTESIAN_POINT('',(-0.077835,0.04765,0.));
#2547=CARTESIAN_POINT('',(-0.077835,-0.04765,0.));
#2548=CARTESIAN_POINT('',(0.,0.04765,0.));
#2549=CARTESIAN_POINT('',(0.077835,0.04765,0.));
#2550=CARTESIAN_POINT('',(0.077835,1.38777878078145E-17,0.));
#2551=CARTESIAN_POINT('',(0.077835,-0.04765,0.));
#2552=CARTESIAN_POINT('',(0.,-0.04765,0.));
#2553=CARTESIAN_POINT('',(-0.067835,0.03765,0.));
#2554=CARTESIAN_POINT('',(-0.066135,0.03765,0.));
#2555=CARTESIAN_POINT('',(0.067835,0.03765,0.));
#2556=CARTESIAN_POINT('',(0.069535,0.03765,0.));
#2557=CARTESIAN_POINT('',(0.067835,-0.03765,0.));
#2558=CARTESIAN_POINT('',(0.069535,-0.03765,0.));
#2559=CARTESIAN_POINT('',(-0.067835,-0.03765,0.));
#2560=CARTESIAN_POINT('',(-0.066135,-0.03765,0.));
#2561=CARTESIAN_POINT('',(-3.11241214258031E-18,0.02005,0.));
#2562=CARTESIAN_POINT('',(0.058767,0.02005,0.));
#2563=CARTESIAN_POINT('',(0.014067,0.02005,0.));
#2564=CARTESIAN_POINT('',(0.058767,6.93889390390723E-18,0.));
#2565=CARTESIAN_POINT('',(0.058767,0.03525,0.));
#2566=CARTESIAN_POINT('',(0.,0.03525,0.));
#2567=CARTESIAN_POINT('',(0.014067,0.03525,0.));
#2568=CARTESIAN_POINT('',(0.014067,6.93889390390723E-18,0.));
#2569=CARTESIAN_POINT('',(0.,-0.03368,0.));
#2570=CARTESIAN_POINT('',(0.061578,-0.03368,0.));
#2571=CARTESIAN_POINT('',(0.052578,-0.03368,0.));
#2572=CARTESIAN_POINT('',(0.061578,6.93889390390723E-18,0.));
#2573=CARTESIAN_POINT('',(0.061578,-0.01968,0.));
#2574=CARTESIAN_POINT('',(0.,-0.01968,0.));
#2575=CARTESIAN_POINT('',(0.052578,-0.01968,0.));
#2576=CARTESIAN_POINT('',(0.052578,6.93889390390723E-18,0.));
#2577=CARTESIAN_POINT('',(2.74401713472693E-19,0.00232,0.));
#2578=CARTESIAN_POINT('',(-0.040032,0.00232,0.));
#2579=CARTESIAN_POINT('',(-0.051032,0.00232,0.));
#2580=CARTESIAN_POINT('',(-0.040032,6.93889390390723E-18,0.));
#2581=CARTESIAN_POINT('',(-0.040032,0.00932,0.));
#2582=CARTESIAN_POINT('',(0.,0.00932,0.));
#2583=CARTESIAN_POINT('',(-0.051032,0.00932,0.));
#2584=CARTESIAN_POINT('',(-0.051032,6.93889390390723E-18,0.));
#2585=CARTESIAN_POINT('',(0.,-0.02968,0.));
#2586=CARTESIAN_POINT('',(-0.056032,-0.02968,0.));
#2587=CARTESIAN_POINT('',(-0.067032,-0.02968,0.));
#2588=CARTESIAN_POINT('',(-0.056032,6.93889390390723E-18,0.));
#2589=CARTESIAN_POINT('',(-0.056032,-0.02268,0.));
#2590=CARTESIAN_POINT('',(0.,-0.02268,0.));
#2591=CARTESIAN_POINT('',(-0.067032,-0.02268,0.));
#2592=CARTESIAN_POINT('',(-0.067032,6.93889390390723E-18,0.));
#2593=CARTESIAN_POINT('',(0.,-0.02968,0.));
#2594=CARTESIAN_POINT('',(0.023968,-0.02968,0.));
#2595=CARTESIAN_POINT('',(0.012968,-0.02968,0.));
#2596=CARTESIAN_POINT('',(0.023968,6.93889390390723E-18,0.));
#2597=CARTESIAN_POINT('',(0.023968,-0.02268,0.));
#2598=CARTESIAN_POINT('',(0.,-0.02268,0.));
#2599=CARTESIAN_POINT('',(0.012968,-0.02268,0.));
#2600=CARTESIAN_POINT('',(0.012968,6.93889390390723E-18,0.));
#2601=CARTESIAN_POINT('',(0.,-0.02968,0.));
#2602=CARTESIAN_POINT('',(-0.024032,-0.02968,0.));
#2603=CARTESIAN_POINT('',(-0.035032,-0.02968,0.));
#2604=CARTESIAN_POINT('',(-0.024032,6.93889390390723E-18,0.));
#2605=CARTESIAN_POINT('',(-0.024032,-0.02268,0.));
#2606=CARTESIAN_POINT('',(0.,-0.02268,0.));
#2607=CARTESIAN_POINT('',(-0.035032,-0.02268,0.));
#2608=CARTESIAN_POINT('',(-0.035032,6.93889390390723E-18,0.));
#2609=CARTESIAN_POINT('',(-2.15736519557843E-18,-0.01368,0.));
#2610=CARTESIAN_POINT('',(-0.008032,-0.01368,0.));
#2611=CARTESIAN_POINT('',(-0.019032,-0.01368,0.));
#2612=CARTESIAN_POINT('',(-0.008032,8.9293651837709E-18,0.));
#2613=CARTESIAN_POINT('',(-0.008032,-0.00668,0.));
#2614=CARTESIAN_POINT('',(-1.05345025632046E-18,-0.00668,0.));
#2615=CARTESIAN_POINT('',(-0.019032,-0.00668,0.));
#2616=CARTESIAN_POINT('',(-0.019032,6.93889390390723E-18,0.));
#2617=CARTESIAN_POINT('',(0.,-0.01368,0.));
#2618=CARTESIAN_POINT('',(-0.056032,-0.01368,0.));
#2619=CARTESIAN_POINT('',(-0.067032,-0.01368,0.));
#2620=CARTESIAN_POINT('',(-0.056032,6.93889390390723E-18,0.));
#2621=CARTESIAN_POINT('',(-0.056032,-0.00668,0.));
#2622=CARTESIAN_POINT('',(1.05345025632046E-18,-0.00668,0.));
#2623=CARTESIAN_POINT('',(-0.067032,-0.00668,0.));
#2624=CARTESIAN_POINT('',(-0.067032,6.93889390390723E-18,0.));
#2625=CARTESIAN_POINT('',(1.77401663757626E-18,-0.0154369033737781,0.));
#2626=CARTESIAN_POINT('',(0.053310439985909,-0.0154369033737781,0.));
#2627=CARTESIAN_POINT('',(0.00982998557669068,-0.0154369033737781,0.));
#2628=CARTESIAN_POINT('',(0.053310439985909,-0.00698715590547226,0.));
#2629=CARTESIAN_POINT('',(0.0617601874542149,-0.00698715590547226,0.));
#2630=CARTESIAN_POINT('',(0.0617601874542149,6.93889390390723E-18,0.));
#2631=CARTESIAN_POINT('',(0.0617601874542149,0.00872176954619764,0.));
#2632=CARTESIAN_POINT('',(0.053310439985909,0.00872176954619764,0.));
#2633=CARTESIAN_POINT('',(0.053310439985909,0.0171715170145035,0.));
#2634=CARTESIAN_POINT('',(0.,0.0171715170145035,0.));
#2635=CARTESIAN_POINT('',(0.00982998557669067,0.0171715170145035,0.));
#2636=CARTESIAN_POINT('',(0.00982998557669067,0.00872176954619764,0.));
#2637=CARTESIAN_POINT('',(0.00138023810838484,0.00872176954619764,0.));
#2638=CARTESIAN_POINT('',(0.00138023810838484,7.18670930079956E-18,0.));
#2639=CARTESIAN_POINT('',(0.00138023810838484,-0.00698715590547226,0.));
#2640=CARTESIAN_POINT('',(0.00982998557669067,-0.00698715590547226,0.));
#2641=CARTESIAN_POINT('',(-0.077835,0.,0.003));
#2642=CARTESIAN_POINT('',(-0.077835,-0.04765,0.003));
#2643=CARTESIAN_POINT('',(-0.077835,0.04765,0.003));
#2644=CARTESIAN_POINT('',(0.,-0.04765,0.003));
#2645=CARTESIAN_POINT('',(0.077835,-0.04765,0.003));
#2646=CARTESIAN_POINT('',(0.077835,1.38777878078145E-17,0.003));
#2647=CARTESIAN_POINT('',(0.077835,0.04765,0.003));
#2648=CARTESIAN_POINT('',(-0.067835,0.03765,0.003));
#2649=CARTESIAN_POINT('',(0.067835,0.03765,0.003));
#2650=CARTESIAN_POINT('',(0.067835,-0.03765,0.003));
#2651=CARTESIAN_POINT('',(-0.067835,-0.03765,0.003));
#2652=CARTESIAN_POINT('',(0.,0.04765,0.003));
#2653=CARTESIAN_POINT('',(0.036417,0.02005,-0.022));
#2654=CARTESIAN_POINT('',(0.014067,0.02005,-0.022));
#2655=CARTESIAN_POINT('',(0.058767,0.02005,-0.022));
#2656=CARTESIAN_POINT('',(0.058767,0.02765,-0.022));
#2657=CARTESIAN_POINT('',(0.058767,0.03525,-0.022));
#2658=CARTESIAN_POINT('',(0.036417,0.03525,-0.022));
#2659=CARTESIAN_POINT('',(0.014067,0.03525,-0.022));
#2660=CARTESIAN_POINT('',(0.014067,0.02765,-0.022));
#2661=CARTESIAN_POINT('',(-0.036418,0.02005,-0.022));
#2662=CARTESIAN_POINT('',(-0.058768,0.02005,-0.022));
#2663=CARTESIAN_POINT('',(-0.014068,0.02005,-0.022));
#2664=CARTESIAN_POINT('',(-0.014068,0.02765,-0.022));
#2665=CARTESIAN_POINT('',(-0.014068,0.03525,-0.022));
#2666=CARTESIAN_POINT('',(-0.036418,0.03525,-0.022));
#2667=CARTESIAN_POINT('',(-0.058768,0.03525,-0.022));
#2668=CARTESIAN_POINT('',(-0.058768,0.02765,-0.022));
#2669=CARTESIAN_POINT('',(0.057078,-0.03368,-0.022));
#2670=CARTESIAN_POINT('',(0.052578,-0.03368,-0.022));
#2671=CARTESIAN_POINT('',(0.061578,-0.03368,-0.022));
#2672=CARTESIAN_POINT('',(0.061578,-0.02668,-0.022));
#2673=CARTESIAN_POINT('',(0.061578,-0.01968,-0.022));
#2674=CARTESIAN_POINT('',(0.057078,-0.01968,-0.022));
#2675=CARTESIAN_POINT('',(0.052578,-0.01968,-0.022));
#2676=CARTESIAN_POINT('',(0.052578,-0.02668,-0.022));
#2677=CARTESIAN_POINT('',(-0.029532,0.00232,-0.022));
#2678=CARTESIAN_POINT('',(-0.035032,0.00232,-0.022));
#2679=CARTESIAN_POINT('',(-0.024032,0.00232,-0.022));
#2680=CARTESIAN_POINT('',(-0.024032,0.00582,-0.022));
#2681=CARTESIAN_POINT('',(-0.024032,0.00932,-0.022));
#2682=CARTESIAN_POINT('',(-0.029532,0.00932,-0.022));
#2683=CARTESIAN_POINT('',(-0.035032,0.00932,-0.022));
#2684=CARTESIAN_POINT('',(-0.035032,0.00582,-0.022));
#2685=CARTESIAN_POINT('',(-0.045532,0.00232,-0.022));
#2686=CARTESIAN_POINT('',(-0.051032,0.00232,-0.022));
#2687=CARTESIAN_POINT('',(-0.040032,0.00232,-0.022));
#2688=CARTESIAN_POINT('',(-0.040032,0.00582,-0.022));
#2689=CARTESIAN_POINT('',(-0.040032,0.00932,-0.022));
#2690=CARTESIAN_POINT('',(-0.045532,0.00932,-0.022));
#2691=CARTESIAN_POINT('',(-0.051032,0.00932,-0.022));
#2692=CARTESIAN_POINT('',(-0.051032,0.00582,-0.022));
#2693=CARTESIAN_POINT('',(-0.061532,0.00232,-0.022));
#2694=CARTESIAN_POINT('',(-0.067032,0.00232,-0.022));
#2695=CARTESIAN_POINT('',(-0.056032,0.00232,-0.022));
#2696=CARTESIAN_POINT('',(-0.056032,0.00582,-0.022));
#2697=CARTESIAN_POINT('',(-0.056032,0.00932,-0.022));
#2698=CARTESIAN_POINT('',(-0.061532,0.00932,-0.022));
#2699=CARTESIAN_POINT('',(-0.067032,0.00932,-0.022));
#2700=CARTESIAN_POINT('',(-0.067032,0.00582,-0.022));
#2701=CARTESIAN_POINT('',(-0.061532,-0.02968,-0.022));
#2702=CARTESIAN_POINT('',(-0.067032,-0.02968,-0.022));
#2703=CARTESIAN_POINT('',(-0.056032,-0.02968,-0.022));
#2704=CARTESIAN_POINT('',(-0.056032,-0.02618,-0.022));
#2705=CARTESIAN_POINT('',(-0.056032,-0.02268,-0.022));
#2706=CARTESIAN_POINT('',(-0.061532,-0.02268,-0.022));
#2707=CARTESIAN_POINT('',(-0.067032,-0.02268,-0.022));
#2708=CARTESIAN_POINT('',(-0.067032,-0.02618,-0.022));
#2709=CARTESIAN_POINT('',(-5.00000000001367E-7,0.02415,-0.022));
#2710=CARTESIAN_POINT('',(-0.0055005,0.02415,-0.022));
#2711=CARTESIAN_POINT('',(0.0054995,0.02415,-0.022));
#2712=CARTESIAN_POINT('',(0.0054995,0.02765,-0.022));
#2713=CARTESIAN_POINT('',(0.0054995,0.03115,-0.022));
#2714=CARTESIAN_POINT('',(-4.99999999999633E-7,0.03115,-0.022));
#2715=CARTESIAN_POINT('',(-0.0055005,0.03115,-0.022));
#2716=CARTESIAN_POINT('',(-0.0055005,0.02765,-0.022));
#2717=CARTESIAN_POINT('',(0.018468,-0.02968,-0.022));
#2718=CARTESIAN_POINT('',(0.012968,-0.02968,-0.022));
#2719=CARTESIAN_POINT('',(0.023968,-0.02968,-0.022));
#2720=CARTESIAN_POINT('',(0.023968,-0.02618,-0.022));
#2721=CARTESIAN_POINT('',(0.023968,-0.02268,-0.022));
#2722=CARTESIAN_POINT('',(0.018468,-0.02268,-0.022));
#2723=CARTESIAN_POINT('',(0.012968,-0.02268,-0.022));
#2724=CARTESIAN_POINT('',(0.012968,-0.02618,-0.022));
#2725=CARTESIAN_POINT('',(-0.045532,-0.02968,-0.022));
#2726=CARTESIAN_POINT('',(-0.051032,-0.02968,-0.022));
#2727=CARTESIAN_POINT('',(-0.040032,-0.02968,-0.022));
#2728=CARTESIAN_POINT('',(-0.040032,-0.02618,-0.022));
#2729=CARTESIAN_POINT('',(-0.040032,-0.02268,-0.022));
#2730=CARTESIAN_POINT('',(-0.045532,-0.02268,-0.022));
#2731=CARTESIAN_POINT('',(-0.051032,-0.02268,-0.022));
#2732=CARTESIAN_POINT('',(-0.051032,-0.02618,-0.022));
#2733=CARTESIAN_POINT('',(-0.029532,-0.02968,-0.022));
#2734=CARTESIAN_POINT('',(-0.035032,-0.02968,-0.022));
#2735=CARTESIAN_POINT('',(-0.024032,-0.02968,-0.022));
#2736=CARTESIAN_POINT('',(-0.024032,-0.02618,-0.022));
#2737=CARTESIAN_POINT('',(-0.024032,-0.02268,-0.022));
#2738=CARTESIAN_POINT('',(-0.029532,-0.02268,-0.022));
#2739=CARTESIAN_POINT('',(-0.035032,-0.02268,-0.022));
#2740=CARTESIAN_POINT('',(-0.035032,-0.02618,-0.022));
#2741=CARTESIAN_POINT('',(-0.013532,-0.02968,-0.022));
#2742=CARTESIAN_POINT('',(-0.019032,-0.02968,-0.022));
#2743=CARTESIAN_POINT('',(-0.008032,-0.02968,-0.022));
#2744=CARTESIAN_POINT('',(-0.008032,-0.02618,-0.022));
#2745=CARTESIAN_POINT('',(-0.008032,-0.02268,-0.022));
#2746=CARTESIAN_POINT('',(-0.013532,-0.02268,-0.022));
#2747=CARTESIAN_POINT('',(-0.019032,-0.02268,-0.022));
#2748=CARTESIAN_POINT('',(-0.019032,-0.02618,-0.022));
#2749=CARTESIAN_POINT('',(-0.013532,-0.01368,-0.022));
#2750=CARTESIAN_POINT('',(-0.019032,-0.01368,-0.022));
#2751=CARTESIAN_POINT('',(-0.008032,-0.01368,-0.022));
#2752=CARTESIAN_POINT('',(-0.008032,-0.01018,-0.022));
#2753=CARTESIAN_POINT('',(-0.008032,-0.00668,-0.022));
#2754=CARTESIAN_POINT('',(-0.013532,-0.00668,-0.022));
#2755=CARTESIAN_POINT('',(-0.019032,-0.00668,-0.022));
#2756=CARTESIAN_POINT('',(-0.019032,-0.01018,-0.022));
#2757=CARTESIAN_POINT('',(0.002468,-0.02968,-0.022));
#2758=CARTESIAN_POINT('',(-0.003032,-0.02968,-0.022));
#2759=CARTESIAN_POINT('',(0.007968,-0.02968,-0.022));
#2760=CARTESIAN_POINT('',(0.007968,-0.02618,-0.022));
#2761=CARTESIAN_POINT('',(0.007968,-0.02268,-0.022));
#2762=CARTESIAN_POINT('',(0.002468,-0.02268,-0.022));
#2763=CARTESIAN_POINT('',(-0.003032,-0.02268,-0.022));
#2764=CARTESIAN_POINT('',(-0.003032,-0.02618,-0.022));
#2765=CARTESIAN_POINT('',(-0.061532,-0.01368,-0.022));
#2766=CARTESIAN_POINT('',(-0.067032,-0.01368,-0.022));
#2767=CARTESIAN_POINT('',(-0.056032,-0.01368,-0.022));
#2768=CARTESIAN_POINT('',(-0.056032,-0.01018,-0.022));
#2769=CARTESIAN_POINT('',(-0.056032,-0.00668,-0.022));
#2770=CARTESIAN_POINT('',(-0.061532,-0.00668,-0.022));
#2771=CARTESIAN_POINT('',(-0.067032,-0.00668,-0.022));
#2772=CARTESIAN_POINT('',(-0.067032,-0.01018,-0.022));
#2773=CARTESIAN_POINT('',(-0.045532,-0.01018,-0.022));
#2774=CARTESIAN_POINT('',(-0.029532,-0.01368,-0.022));
#2775=CARTESIAN_POINT('',(-0.035032,-0.01368,-0.022));
#2776=CARTESIAN_POINT('',(-0.024032,-0.01368,-0.022));
#2777=CARTESIAN_POINT('',(-0.024032,-0.01018,-0.022));
#2778=CARTESIAN_POINT('',(-0.024032,-0.00668,-0.022));
#2779=CARTESIAN_POINT('',(-0.029532,-0.00668,-0.022));
#2780=CARTESIAN_POINT('',(-0.035032,-0.00668,-0.022));
#2781=CARTESIAN_POINT('',(-0.035032,-0.01018,-0.022));
#2782=CARTESIAN_POINT('',(0.0315702127812999,-0.0154369033737781,-0.022));
#2783=CARTESIAN_POINT('',(0.00982998557669068,-0.0154369033737781,0.003));
#2784=CARTESIAN_POINT('',(0.053310439985909,-0.0154369033737781,-0.022));
#2785=CARTESIAN_POINT('',(0.0617601874542149,0.000867306820362693,-0.022));
#2786=CARTESIAN_POINT('',(0.0617601874542149,-0.00698715590547226,-0.022));
#2787=CARTESIAN_POINT('',(0.0617601874542149,0.00872176954619764,0.));
#2788=CARTESIAN_POINT('',(0.0315702127812999,0.0171715170145035,-0.022));
#2789=CARTESIAN_POINT('',(0.00982998557669067,0.0171715170145035,-0.022));
#2790=CARTESIAN_POINT('',(0.053310439985909,0.0171715170145035,0.003));
#2791=CARTESIAN_POINT('',(0.00138023810838484,0.000867306820362689,-0.022));
#2792=CARTESIAN_POINT('',(0.00138023810838484,0.00872176954619764,-0.022));
#2793=CARTESIAN_POINT('',(0.00138023810838484,-0.00698715590547226,0.));
#2794=CARTESIAN_POINT('',(0.00982998557669067,0.00872176954619764,-0.022));
#2795=CARTESIAN_POINT('',(0.00982998557669067,-0.00698715590547226,-0.022));
#2796=CARTESIAN_POINT('',(0.053310439985909,-0.00698715590547226,-0.022));
#2797=CARTESIAN_POINT('',(0.053310439985909,0.00872176954619764,-0.022));
#2798=MECHANICAL_DESIGN_GEOMETRIC_PRESENTATION_REPRESENTATION('',(#1777),
#2799);
#2799=(
GEOMETRIC_REPRESENTATION_CONTEXT(3)
GLOBAL_UNCERTAINTY_ASSIGNED_CONTEXT((#2800))
GLOBAL_UNIT_ASSIGNED_CONTEXT((#2803,#2802,#2801))
REPRESENTATION_CONTEXT('Part 1','TOP_LEVEL_ASSEMBLY_PART')
);
#2800=UNCERTAINTY_MEASURE_WITH_UNIT(LENGTH_MEASURE(1.E-8),#2803,
'DISTANCE_ACCURACY_VALUE','Maximum Tolerance applied to model');
#2801=(
NAMED_UNIT(*)
SI_UNIT($,.STERADIAN.)
SOLID_ANGLE_UNIT()
);
#2802=(
NAMED_UNIT(*)
PLANE_ANGLE_UNIT()
SI_UNIT($,.RADIAN.)
);
#2803=(
LENGTH_UNIT()
NAMED_UNIT(*)
SI_UNIT($,.METRE.)
);
#2804=PRODUCT_DEFINITION_SHAPE('','',#2805);
#2805=PRODUCT_DEFINITION('','',#2807,#2806);
#2806=PRODUCT_DEFINITION_CONTEXT('',#2813,'design');
#2807=PRODUCT_DEFINITION_FORMATION_WITH_SPECIFIED_SOURCE('','',#2809,
 .NOT_KNOWN.);
#2808=PRODUCT_RELATED_PRODUCT_CATEGORY('','',(#2809));
#2809=PRODUCT('Part 1','Part 1','Part 1',(#2811));
#2810=PRODUCT_CATEGORY('','');
#2811=PRODUCT_CONTEXT('',#2813,'mechanical');
#2812=APPLICATION_PROTOCOL_DEFINITION('international standard',
'ap242_managed_model_based_3d_engineering',2020,#2813);
#2813=APPLICATION_CONTEXT('managed model based 3d engineering');
ENDSEC;
END-ISO-10303-21;
